"","YEAR","ZIP_CHAR","NUM_CRIMES","NUM_ASSAULT","NUM_LARCENY","NUM_BURGLARY","NUM_PROPERTY","NUM_AUTOTHEFT","NUM_AGG_ASSAULT","NUM_MURDER","NUM_TRAFFIC","NUM_FRAUD","NUM_ROBBERY","NUM_DRUGS","NUM_WEAPONS","NUM_ESCAPE","NUM_OBSTRUCT","NUM_CONDUCT","NUM_VIOLENT","NUM_YOUTH","NUM_WHITECOLLAR","NUM_SUBSTANCE"
"1",2009,48101,1,0,0,0,0,0,0,1,0,0,0,0,0,0,0,0,1,0,0,0
"2",2010,48101,1,0,1,0,1,0,0,0,0,0,0,0,0,0,0,0,0,1,0,0
"3",2011,48101,5,0,2,0,4,2,0,0,0,0,0,0,0,0,0,0,1,2,0,0
"4",2012,48101,9,0,1,1,3,1,0,2,1,1,0,1,0,0,0,0,2,3,1,1
"5",2014,48101,1,0,0,0,0,0,0,0,0,0,0,0,0,0,0,0,0,0,0,0
"6",2015,48101,4,0,0,0,0,0,0,0,1,1,0,0,0,0,0,0,0,1,1,0
"7",2016,48101,6,0,1,0,1,0,0,0,2,1,0,0,0,1,0,0,0,3,1,0
"8",2014,48103,1,0,0,0,0,0,0,0,0,1,0,0,0,0,0,0,0,0,1,0
"9",2009,48104,11,2,1,0,4,3,0,3,1,0,0,0,0,0,0,0,5,4,0,0
"10",2010,48104,35,5,2,3,11,0,3,5,2,1,0,0,0,0,0,3,13,19,2,0
"11",2011,48104,3,0,0,2,2,0,0,1,0,0,0,0,0,0,0,0,1,0,0,0
"12",2013,48104,1,0,0,0,0,0,0,0,0,0,0,0,0,0,0,0,0,0,0,0
"13",2010,48105,2,0,0,0,0,0,0,0,1,0,0,0,0,1,0,0,0,1,0,0
"14",2011,48105,1,0,0,0,0,0,0,0,1,0,0,0,0,0,0,0,0,1,0,0
"15",2013,48105,1,0,0,0,0,0,0,0,1,0,0,0,0,0,0,0,0,1,0,0
"16",2015,48105,1,0,0,0,0,0,0,0,0,0,0,0,0,1,0,0,0,0,0,0
"17",2016,48105,1,0,0,0,0,0,0,0,1,0,0,0,0,0,0,0,0,1,0,0
"18",2010,48108,2,1,1,0,1,0,0,0,0,0,0,0,0,0,0,0,1,2,0,0
"19",2010,48111,1,0,0,0,0,0,0,1,0,0,0,0,0,0,0,0,1,0,0,0
"20",2011,48111,5,0,0,0,0,0,0,3,1,0,0,0,0,1,0,0,3,1,0,0
"21",2012,48111,1,0,0,0,0,0,0,0,1,0,0,0,0,0,0,0,0,1,0,0
"22",2013,48111,1,0,0,0,0,0,0,1,0,0,0,0,0,0,0,0,1,0,0,0
"23",2014,48111,1,0,0,0,0,0,0,0,0,1,0,0,0,0,0,0,0,0,1,0
"24",2015,48111,1,0,0,0,0,0,0,0,1,0,0,0,0,0,0,0,0,1,0,0
"25",2016,48111,5,0,0,0,1,0,0,0,2,0,0,0,0,0,0,0,0,3,0,0
"26",2009,48120,2,0,0,0,0,0,0,1,0,1,0,0,0,0,0,0,1,0,1,0
"27",2010,48120,1,0,0,0,0,0,0,0,0,0,0,0,0,0,1,0,0,0,0,0
"28",2011,48120,2,0,0,0,0,0,0,2,0,0,0,0,0,0,0,0,2,0,0,0
"29",2012,48120,4,0,1,1,3,0,0,0,0,0,0,0,0,0,0,0,0,2,0,0
"30",2013,48120,2,0,0,0,0,0,0,0,0,0,0,1,0,0,0,0,0,1,0,1
"31",2014,48120,5,0,0,0,2,0,0,0,1,0,0,0,0,0,0,0,0,3,0,0
"32",2015,48120,2,1,1,0,1,0,0,0,0,0,0,0,0,0,0,0,1,2,0,0
"33",2016,48120,2,0,0,0,1,1,0,0,0,0,0,0,0,0,0,0,0,0,0,0
"34",2009,48122,9,0,2,0,8,2,0,1,0,0,2,0,0,0,0,0,1,4,0,0
"35",2010,48122,16,0,3,1,8,2,0,2,2,1,1,0,0,1,1,0,2,6,1,0
"36",2011,48122,14,1,2,0,7,1,0,3,0,1,3,0,0,1,0,0,4,4,1,0
"37",2012,48122,14,2,0,1,5,1,1,2,0,1,1,2,1,0,0,0,5,6,1,2
"38",2013,48122,12,0,2,1,4,0,0,0,2,0,0,0,0,1,1,0,0,5,0,0
"39",2014,48122,13,2,1,0,3,1,0,0,0,2,1,0,0,0,0,0,2,3,2,0
"40",2015,48122,19,1,4,2,9,1,2,0,1,1,0,0,0,0,0,0,3,9,1,1
"41",2016,48122,18,2,2,1,6,1,1,0,1,2,0,0,0,0,0,0,4,7,2,0
"42",2017,48122,1,0,1,0,1,0,0,0,0,0,0,0,0,0,0,0,0,1,0,0
"43",2009,48124,33,0,2,7,20,3,0,2,2,0,1,1,0,0,0,0,2,10,0,1
"44",2010,48124,19,2,4,1,9,2,3,2,1,1,0,0,0,0,0,0,7,9,1,0
"45",2011,48124,14,0,3,0,7,2,1,2,0,1,0,0,0,0,0,0,3,5,2,0
"46",2012,48124,25,0,4,1,9,0,2,2,6,1,1,1,0,0,0,0,4,14,1,1
"47",2013,48124,12,2,1,3,6,1,1,0,1,0,0,0,0,0,0,1,3,7,0,1
"48",2014,48124,11,0,0,0,1,1,0,0,4,2,0,1,0,0,0,0,0,7,2,2
"49",2015,48124,13,0,1,1,4,0,1,0,1,3,0,0,0,0,0,0,1,4,3,0
"50",2016,48124,10,2,2,0,2,0,0,0,1,1,0,0,0,0,0,0,2,6,1,0
"51",2009,48125,2,0,0,1,2,1,0,0,0,0,0,0,0,0,0,0,0,0,0,0
"52",2010,48125,5,1,0,1,1,0,0,0,1,0,0,0,0,2,0,0,1,2,0,0
"53",2011,48125,2,1,0,0,0,0,1,0,0,0,0,0,0,0,0,0,2,1,0,0
"54",2012,48125,2,0,0,0,0,0,0,0,0,0,0,0,0,0,0,0,0,0,0,0
"55",2013,48125,2,0,0,0,0,0,0,0,2,0,0,0,0,0,0,0,0,2,0,0
"56",2014,48125,3,0,0,0,0,0,0,0,2,0,0,0,0,0,0,0,0,2,0,0
"57",2015,48125,6,0,0,0,1,0,0,0,4,0,0,0,0,0,1,0,0,5,0,0
"58",2016,48125,1,0,0,1,1,0,0,0,0,0,0,0,0,0,0,0,0,0,0,0
"59",2009,48126,284,20,56,34,151,27,19,34,6,6,9,1,1,6,0,1,73,116,8,6
"60",2010,48126,279,30,33,32,122,22,14,41,13,5,13,7,2,7,2,4,88,114,5,13
"61",2011,48126,276,29,37,27,126,23,21,41,8,6,16,4,2,4,4,3,92,111,6,11
"62",2012,48126,251,43,27,23,109,21,17,18,5,6,10,10,2,9,1,0,79,115,7,12
"63",2013,48126,200,17,28,8,69,15,9,8,11,7,8,2,1,7,1,0,34,69,7,3
"64",2014,48126,202,26,13,11,70,15,9,0,21,11,11,4,0,4,1,3,35,88,17,6
"65",2015,48126,195,22,26,10,72,12,14,0,11,4,5,2,0,5,4,0,37,83,7,4
"66",2016,48126,201,30,15,6,59,12,14,0,17,6,6,7,5,1,3,0,44,91,8,8
"67",2017,48126,8,2,2,0,3,1,1,0,0,0,0,1,0,0,0,0,4,5,0,1
"68",2009,48127,51,7,13,3,26,2,1,5,1,0,3,3,0,1,0,0,13,30,1,4
"69",2010,48127,59,6,11,4,28,3,6,6,0,2,2,0,0,4,0,0,18,25,2,1
"70",2011,48127,74,9,15,4,30,5,3,12,4,8,2,0,0,3,0,0,24,32,8,0
"71",2012,48127,89,14,13,8,36,7,6,12,2,5,2,0,1,1,1,0,33,37,5,1
"72",2013,48127,85,15,10,5,26,3,3,7,5,5,2,0,2,1,1,0,26,36,6,0
"73",2014,48127,71,12,8,2,24,5,2,0,5,3,3,1,1,2,1,1,14,33,3,1
"74",2015,48127,73,11,12,3,24,3,1,0,10,3,2,1,0,0,1,1,12,40,3,1
"75",2016,48127,45,5,4,3,13,1,2,0,2,3,1,1,0,2,1,0,7,16,4,1
"76",2017,48127,6,1,1,0,3,0,1,0,0,0,0,0,0,0,0,0,2,4,1,0
"77",2009,48128,3,0,0,0,1,1,0,1,1,0,0,0,0,0,0,0,1,1,0,0
"78",2010,48128,3,0,0,0,0,0,0,0,0,0,0,0,0,2,0,0,0,0,0,0
"79",2011,48128,5,1,0,0,1,1,0,0,0,1,0,0,0,0,0,0,1,1,1,0
"80",2012,48128,11,1,0,0,0,0,0,2,2,2,0,0,0,2,0,0,4,3,2,0
"81",2013,48128,7,0,0,0,0,0,0,0,6,0,0,0,0,0,0,0,0,7,0,1
"82",2014,48128,13,0,0,0,1,1,0,0,8,0,0,0,0,1,3,0,0,8,0,0
"83",2015,48128,12,0,1,0,1,0,0,0,9,0,0,0,0,1,0,0,0,10,0,0
"84",2016,48128,12,0,1,0,2,0,1,0,7,0,0,0,0,2,0,0,1,9,0,0
"85",2011,48133,2,0,0,1,1,0,0,0,0,0,0,0,0,0,0,0,0,0,0,0
"86",2014,48133,2,0,0,0,1,0,0,0,0,1,0,0,0,0,0,0,0,1,1,0
"87",2016,48133,1,0,0,0,0,0,1,0,0,0,0,0,0,0,0,0,1,0,0,0
"88",2009,48134,3,0,0,0,0,0,0,1,1,0,0,0,0,1,0,0,1,1,0,0
"89",2010,48134,1,0,0,0,0,0,0,0,1,0,0,0,0,0,0,0,0,1,0,0
"90",2011,48134,1,0,0,0,1,1,0,0,0,0,0,0,0,0,0,0,0,0,0,0
"91",2012,48134,1,0,0,0,0,0,0,0,0,0,0,0,0,0,0,0,0,0,0,0
"92",2013,48134,1,0,0,0,0,0,0,0,1,0,0,0,0,0,0,0,0,1,0,0
"93",2016,48134,2,0,0,0,0,0,0,0,1,0,0,0,0,0,0,0,0,1,0,0
"94",2009,48135,2,0,0,0,0,0,0,0,1,0,0,0,0,1,0,0,0,1,0,0
"95",2011,48135,1,0,0,0,1,0,0,0,0,0,0,0,0,0,0,0,0,1,0,0
"96",2014,48135,5,0,0,0,0,0,0,0,2,0,0,0,0,2,0,0,0,2,0,0
"97",2015,48135,5,0,0,0,0,0,0,0,2,0,0,0,0,0,0,0,0,2,0,0
"98",2016,48135,1,0,0,0,0,0,0,0,1,0,0,0,0,0,0,0,0,1,0,0
"99",2009,48138,3,0,2,0,3,1,0,0,0,0,0,0,0,0,0,0,0,2,0,0
"100",2011,48138,1,0,0,1,1,0,0,0,0,0,0,0,0,0,0,0,0,0,0,0
"101",2012,48138,2,0,0,0,0,0,0,1,0,0,0,1,0,0,0,0,1,1,0,1
"102",2016,48138,1,0,0,0,0,0,0,0,0,0,0,0,0,0,0,0,0,0,0,0
"103",2009,48141,2,0,0,0,0,0,0,1,0,0,0,1,0,0,0,0,1,1,0,1
"104",2010,48141,1,0,0,0,0,0,0,1,0,0,0,0,0,0,0,0,1,0,0,0
"105",2011,48141,2,0,0,0,2,2,0,0,0,0,0,0,0,0,0,0,0,0,0,0
"106",2012,48141,1,0,0,0,0,0,0,0,0,0,0,0,0,1,0,0,0,0,0,0
"107",2013,48141,6,0,0,0,0,0,0,0,3,0,0,2,0,1,0,0,0,5,0,2
"108",2014,48141,4,0,0,0,0,0,0,0,3,0,0,0,0,1,0,0,0,3,0,0
"109",2015,48141,2,0,0,0,0,0,0,0,1,0,0,0,0,0,1,0,0,1,0,0
"110",2016,48141,2,0,0,0,0,0,0,0,0,1,0,0,0,1,0,0,0,0,1,0
"111",2014,48144,1,0,0,0,1,0,0,0,0,0,0,0,0,0,0,0,0,1,0,0
"112",2009,48146,1,0,0,0,0,0,0,0,0,0,0,0,0,1,0,0,0,0,0,0
"113",2010,48146,4,0,0,0,1,0,0,1,2,0,0,0,0,0,0,0,1,3,0,0
"114",2011,48146,3,0,2,0,2,0,0,0,0,1,0,0,0,0,0,0,0,2,1,0
"115",2012,48146,9,0,1,0,1,0,0,1,3,0,0,2,0,0,0,0,1,7,0,3
"116",2013,48146,6,2,0,0,0,0,0,0,3,0,0,1,0,0,0,0,2,6,0,1
"117",2014,48146,6,0,0,0,0,0,0,0,2,0,0,0,0,1,1,0,0,2,0,0
"118",2015,48146,9,0,0,0,0,0,0,0,3,0,0,0,0,0,1,0,0,3,0,0
"119",2016,48146,9,0,0,0,0,0,1,0,2,0,0,0,0,0,0,0,1,2,0,0
"120",2009,48150,11,2,1,4,8,1,0,0,0,0,0,0,0,1,0,0,2,4,0,0
"121",2010,48150,19,4,0,5,10,1,2,0,1,1,0,0,0,0,0,0,6,8,1,0
"122",2011,48150,20,6,6,3,13,2,1,0,0,0,0,0,0,0,0,0,7,14,0,0
"123",2012,48150,6,2,1,1,4,1,0,0,0,0,0,0,0,0,0,0,2,4,0,0
"124",2013,48150,12,4,2,2,4,0,0,2,0,0,0,0,0,1,0,0,6,6,0,0
"125",2014,48150,13,4,2,1,4,0,1,0,0,0,0,0,0,1,0,0,5,7,0,0
"126",2015,48150,5,1,2,0,4,1,0,0,0,0,0,0,0,0,0,0,1,4,0,0
"127",2016,48150,7,0,0,0,0,0,0,0,1,0,0,1,1,0,0,0,0,2,0,1
"128",2009,48152,138,13,21,25,76,15,10,13,7,0,3,2,4,5,1,1,36,58,0,5
"129",2010,48152,136,17,13,11,48,11,13,10,12,6,7,7,4,1,4,2,40,60,7,9
"130",2011,48152,162,17,17,17,67,13,8,16,19,4,9,8,4,1,1,0,41,74,5,11
"131",2012,48152,345,20,12,6,54,15,13,47,137,6,12,7,6,9,6,5,80,195,7,9
"132",2013,48152,144,9,19,8,60,10,12,6,9,5,5,0,2,1,0,0,30,56,5,3
"133",2014,48152,130,14,11,12,47,12,7,0,3,9,8,4,4,1,2,2,22,40,9,6
"134",2015,48152,179,21,15,17,57,12,12,0,18,4,2,12,1,1,4,2,33,79,7,12
"135",2016,48152,180,22,15,13,51,10,12,0,11,7,3,6,9,1,1,3,35,74,8,7
"136",2017,48152,7,1,3,1,5,1,1,0,0,0,0,0,0,0,0,0,2,4,0,0
"137",2010,48154,11,0,0,0,0,0,0,1,7,1,0,0,0,2,0,0,1,7,1,0
"138",2011,48154,5,0,0,0,0,0,0,3,1,0,0,0,0,1,0,0,3,1,0,0
"139",2012,48154,2,0,0,0,0,0,0,0,2,0,0,0,0,0,0,0,0,2,0,0
"140",2013,48154,4,0,1,0,1,0,0,0,3,0,0,0,0,0,0,0,0,4,0,0
"141",2014,48154,14,0,0,0,0,0,0,0,13,1,0,0,0,0,0,0,0,13,1,0
"142",2015,48154,7,0,0,0,1,0,0,0,5,0,0,0,0,0,1,0,0,6,0,0
"143",2016,48154,6,0,0,0,0,0,0,0,5,0,0,0,1,0,0,0,0,5,0,0
"144",2013,48161,1,0,0,0,0,0,0,0,1,0,0,0,0,0,0,0,0,1,0,0
"145",2014,48161,1,0,0,0,0,0,0,0,1,0,0,0,0,0,0,0,0,1,0,0
"146",2015,48161,3,0,0,0,0,0,0,0,2,0,0,0,0,1,0,0,0,2,0,0
"147",2016,48161,1,0,0,0,0,0,0,0,1,0,0,0,0,0,0,0,0,1,0,0
"148",2010,48164,1,0,0,0,0,0,0,1,0,0,0,0,0,0,0,0,1,0,0,0
"149",2012,48164,1,0,0,0,0,0,0,0,1,0,0,0,0,0,0,0,0,1,0,0
"150",2013,48164,1,0,0,0,0,0,0,0,1,0,0,0,0,0,0,0,0,1,0,0
"151",2012,48165,1,0,0,0,0,0,0,1,0,0,0,0,0,0,0,0,1,0,0,0
"152",2010,48166,2,0,1,0,1,0,0,1,0,0,0,0,0,0,0,0,1,1,0,0
"153",2016,48166,1,0,0,0,0,0,0,0,0,0,0,0,0,0,0,0,0,0,0,0
"154",2009,48167,1,0,0,0,0,0,0,0,0,0,0,0,0,0,0,0,0,0,0,0
"155",2011,48167,1,0,0,1,1,0,0,0,0,0,0,0,0,0,0,0,0,0,0,0
"156",2013,48167,1,0,0,0,0,0,0,0,1,0,0,0,0,0,0,0,0,1,0,0
"157",2015,48167,2,0,0,0,0,0,0,0,0,1,0,0,0,0,0,0,0,0,1,0
"158",2010,48168,1,0,0,0,0,0,0,0,1,0,0,0,0,0,0,0,0,1,0,0
"159",2011,48168,1,0,1,0,1,0,0,0,0,0,0,0,0,0,0,0,0,1,0,0
"160",2014,48168,2,0,0,0,0,0,0,0,2,0,0,0,0,0,0,0,0,2,0,0
"161",2016,48168,1,0,0,0,0,0,0,0,1,0,0,0,0,0,0,0,0,1,0,0
"162",2009,48170,2,0,0,0,0,0,0,1,0,1,0,0,0,0,0,0,1,0,1,0
"163",2010,48170,5,0,0,0,1,1,1,3,0,0,0,0,0,0,0,0,4,0,0,0
"164",2012,48170,1,0,0,0,0,0,0,0,0,0,0,0,0,1,0,0,0,0,0,0
"165",2014,48170,3,0,0,0,0,0,0,0,2,0,0,0,0,0,0,0,0,3,0,0
"166",2015,48170,2,0,0,0,0,0,0,0,1,0,0,0,0,0,0,0,0,1,0,0
"167",2010,48173,1,0,0,0,0,0,0,0,0,0,0,0,0,0,0,0,0,0,0,0
"168",2010,48174,5,0,0,0,1,1,0,1,1,1,0,0,0,0,0,0,1,1,1,0
"169",2011,48174,8,0,0,0,2,1,0,1,0,0,0,1,0,1,0,0,2,2,0,1
"170",2012,48174,4,0,0,0,0,0,0,0,1,0,0,0,1,2,0,0,0,1,0,0
"171",2013,48174,4,0,0,0,0,0,0,0,2,0,0,1,0,1,0,0,0,3,0,1
"172",2014,48174,4,0,0,0,0,0,0,0,2,1,0,0,0,0,0,0,0,3,1,0
"173",2015,48174,6,0,0,0,0,0,0,0,6,0,0,0,0,0,0,0,0,6,0,0
"174",2016,48174,2,0,0,0,0,0,0,0,1,0,0,0,0,0,0,0,0,2,0,1
"175",2009,48180,2,0,0,0,0,0,0,0,1,0,0,0,0,1,0,0,0,1,0,0
"176",2011,48180,4,1,0,0,0,0,0,0,1,1,0,0,0,0,0,0,1,2,1,0
"177",2012,48180,4,0,0,0,0,0,0,0,4,0,0,0,0,0,0,0,0,4,0,0
"178",2013,48180,2,0,0,0,0,0,0,0,1,0,0,1,0,0,0,0,0,2,0,1
"179",2014,48180,5,0,0,0,0,0,0,0,3,0,0,0,0,0,1,0,0,3,0,0
"180",2015,48180,2,0,0,0,0,0,0,0,0,0,0,0,0,0,0,0,0,0,0,0
"181",2016,48180,4,0,0,0,0,0,0,0,0,0,0,0,0,3,0,0,0,0,0,0
"182",2009,48183,2,0,2,0,2,0,0,0,0,0,0,0,0,0,0,0,0,2,0,0
"183",2010,48183,2,0,0,0,0,0,0,1,0,0,0,0,0,0,0,0,1,0,0,0
"184",2012,48183,1,0,0,0,0,0,0,0,0,0,0,0,0,0,0,0,0,0,0,0
"185",2014,48183,1,0,0,0,0,0,0,0,0,0,0,0,0,0,0,0,0,0,0,0
"186",2011,48184,5,0,0,0,0,0,0,4,1,0,0,0,0,0,0,0,4,1,0,0
"187",2012,48184,5,0,0,0,0,0,0,1,1,0,0,0,0,0,0,0,1,1,2,0
"188",2013,48184,1,0,0,0,0,0,0,0,1,0,0,0,0,0,0,0,0,1,0,0
"189",2014,48184,1,0,0,0,0,0,0,0,0,0,0,0,0,0,1,0,0,0,0,0
"190",2010,48185,3,1,0,0,0,0,0,0,1,0,0,0,0,0,0,0,1,2,0,0
"191",2011,48185,5,0,0,0,2,1,0,1,0,0,0,0,0,1,0,0,1,1,0,0
"192",2012,48185,2,0,0,0,0,0,0,1,1,0,0,0,0,0,0,0,1,1,0,0
"193",2013,48185,1,0,0,1,1,0,0,0,0,0,0,0,0,0,0,0,0,0,0,0
"194",2014,48185,2,0,0,0,0,0,0,0,1,0,0,0,0,0,0,0,0,1,0,0
"195",2015,48185,3,0,0,0,0,0,0,0,0,0,0,0,0,1,2,0,0,0,0,0
"196",2016,48185,6,1,0,0,0,0,0,0,4,0,0,0,0,0,0,0,1,5,0,0
"197",2009,48186,1,0,0,0,0,0,0,1,0,0,0,0,0,0,0,0,1,0,0,0
"198",2012,48186,2,1,0,0,0,0,0,1,0,0,0,0,0,0,0,0,2,1,0,0
"199",2013,48186,2,0,0,0,0,0,0,0,2,0,0,0,0,0,0,0,0,2,0,0
"200",2014,48186,1,0,0,0,0,0,0,0,0,0,0,0,0,0,0,0,0,0,0,0
"201",2015,48186,1,0,0,0,0,0,0,0,0,0,0,0,0,0,1,0,0,0,0,0
"202",2010,48187,4,0,3,0,4,0,0,0,0,0,0,0,0,0,0,0,0,4,0,0
"203",2011,48187,2,0,0,0,1,0,1,0,0,0,1,0,0,0,0,0,1,0,0,0
"204",2012,48187,1,0,0,0,1,1,0,0,0,0,0,0,0,0,0,0,0,0,0,0
"205",2013,48187,2,0,0,0,0,0,1,0,1,0,0,0,0,0,0,0,1,1,0,0
"206",2014,48187,2,1,0,0,0,0,0,0,0,0,0,0,0,0,0,0,1,1,0,0
"207",2016,48187,2,0,1,0,1,0,0,0,0,1,0,0,0,0,0,0,0,1,1,0
"208",2009,48188,2,0,0,0,0,0,0,2,0,0,0,0,0,0,0,0,2,0,0,0
"209",2010,48188,4,1,0,0,2,1,0,0,0,0,0,0,1,0,0,0,1,2,0,0
"210",2012,48188,2,0,0,0,0,0,0,2,0,0,0,0,0,0,0,0,2,0,0,0
"211",2013,48188,5,0,0,0,0,0,0,0,5,0,0,0,0,0,0,0,0,5,0,0
"212",2014,48188,4,0,0,0,0,0,0,0,4,0,0,0,0,0,0,0,0,4,0,0
"213",2015,48188,3,0,0,0,0,0,0,0,3,0,0,0,0,0,0,0,0,3,0,0
"214",2016,48188,2,0,0,0,0,0,0,0,0,0,0,0,0,0,0,0,0,0,0,0
"215",2014,48189,1,0,0,0,0,0,0,0,0,0,0,0,0,0,1,0,0,0,0,0
"216",2009,48191,1,0,0,0,1,1,0,0,0,0,0,0,0,0,0,0,0,0,0,0
"217",2009,48192,1,0,0,0,0,0,0,1,0,0,0,0,0,0,0,0,1,0,0,0
"218",2010,48192,3,0,0,0,0,0,0,1,0,0,0,2,0,0,0,0,1,2,0,2
"219",2012,48192,2,0,0,0,0,0,0,0,2,0,0,0,0,0,0,0,0,2,0,0
"220",2013,48192,2,0,0,0,0,0,0,0,0,1,0,1,0,0,0,0,0,1,1,1
"221",2014,48192,1,0,0,0,0,0,0,0,0,0,0,0,0,0,0,0,0,0,0,0
"222",2016,48192,1,0,0,0,0,0,0,0,0,0,0,0,0,0,0,0,0,0,0,0
"223",2009,48193,3,1,1,0,2,0,0,0,0,0,0,0,0,0,0,0,1,3,0,0
"224",2010,48193,1,0,0,0,0,0,0,1,0,0,0,0,0,0,0,0,1,0,0,0
"225",2011,48193,3,0,0,0,1,0,0,2,0,0,0,0,0,0,0,0,2,1,0,0
"226",2009,48195,1,0,1,0,1,0,0,0,0,0,0,0,0,0,0,0,0,1,0,0
"227",2010,48195,1,0,0,0,0,0,0,0,0,0,0,0,0,0,0,0,0,0,0,0
"228",2011,48195,4,0,1,0,1,0,0,0,0,0,0,0,0,1,0,0,0,1,0,0
"229",2012,48195,2,0,0,0,0,0,0,0,0,0,0,1,0,0,0,1,0,2,0,1
"230",2013,48195,3,1,0,0,0,0,0,0,0,0,0,0,1,0,0,0,1,1,0,0
"231",2014,48195,2,0,0,0,1,0,0,0,1,0,0,0,0,0,0,0,0,2,0,0
"232",2015,48195,2,0,1,0,1,0,0,0,1,0,0,0,0,0,0,0,0,2,0,0
"233",2016,48195,9,0,3,0,4,0,1,0,1,0,1,0,0,0,0,0,1,5,0,0
"234",2009,48197,2,0,1,0,1,0,0,0,1,0,0,0,0,0,0,0,0,2,0,0
"235",2011,48197,3,0,0,0,0,0,1,0,1,0,0,0,0,1,0,0,1,1,0,0
"236",2013,48197,1,0,0,0,0,0,0,0,0,0,0,1,0,0,0,0,0,1,0,1
"237",2009,48198,2,0,0,0,1,1,0,0,0,0,0,0,0,0,0,0,0,1,0,0
"238",2010,48198,3,0,0,0,0,0,0,0,0,0,0,0,0,0,0,0,0,1,0,1
"239",2013,48198,1,0,0,0,0,0,0,0,0,0,0,0,0,0,0,0,0,0,0,0
"240",2015,48198,1,0,0,0,0,0,0,0,0,1,0,0,0,0,0,0,0,0,1,0
"241",2009,48201,5533,492,1131,210,2410,429,204,675,307,137,167,208,25,112,56,96,1377,2797,164,288
"242",2010,48201,5035,438,1090,204,2400,455,202,579,316,106,150,115,24,131,43,54,1224,2582,116,180
"243",2011,48201,4512,407,950,196,2058,352,192,557,228,98,117,81,21,151,45,36,1165,2186,106,113
"244",2012,48201,4586,467,898,160,1942,290,193,545,280,140,152,79,21,152,38,49,1213,2276,156,121
"245",2013,48201,4492,392,932,122,1834,246,177,362,238,149,179,118,21,157,38,37,941,2129,160,153
"246",2014,48201,3862,388,709,113,1481,250,143,1,242,121,89,64,13,129,75,30,542,1793,136,95
"247",2015,48201,3970,444,728,114,1441,165,142,0,230,110,99,75,14,75,53,38,592,1887,130,99
"248",2016,48201,3850,393,671,94,1324,163,133,0,274,100,102,72,12,37,44,31,528,1777,125,100
"249",2017,48201,182,26,70,5,108,12,11,0,0,10,7,3,3,0,0,3,39,118,13,5
"250",2009,48202,5532,509,942,326,2320,364,214,755,278,157,179,128,32,124,44,61,1495,2473,188,184
"251",2010,48202,5163,495,917,297,2102,321,233,781,267,151,156,122,24,124,36,42,1520,2303,168,177
"252",2011,48202,4595,491,811,195,1774,256,222,764,252,128,139,59,13,131,43,47,1490,2075,140,98
"253",2012,48202,4408,436,745,184,1643,249,155,767,204,185,110,88,20,114,26,41,1366,1900,197,126
"254",2013,48202,4447,414,721,197,1619,220,150,486,214,170,136,117,24,110,51,41,1063,1895,186,139
"255",2014,48202,4006,393,599,207,1417,203,197,0,238,189,120,64,26,88,49,25,600,1640,203,101
"256",2015,48202,3978,430,634,134,1313,154,175,0,192,145,81,53,18,58,37,31,617,1691,159,87
"257",2016,48202,3775,402,586,91,1232,167,152,0,219,117,79,56,22,32,23,25,560,1635,137,92
"258",2017,48202,185,25,53,11,109,21,21,0,0,11,5,2,1,0,0,1,47,103,13,5
"259",2009,48203,6143,619,522,578,2248,327,395,651,777,135,286,199,73,74,86,182,1687,2865,153,278
"260",2010,48203,5578,567,466,429,1958,305,335,613,679,127,231,180,62,98,127,148,1540,2595,141,229
"261",2011,48203,5056,525,468,428,1822,279,277,573,586,120,184,189,45,98,87,51,1404,2326,131,228
"262",2012,48203,4472,493,402,348,1568,304,283,426,425,141,162,253,45,69,74,65,1224,2011,150,274
"263",2013,48203,4133,483,414,256,1403,262,270,166,407,134,171,230,46,45,91,16,941,1856,141,245
"264",2014,48203,4002,476,356,184,1265,230,254,0,361,170,159,203,44,35,79,13,752,1806,185,214
"265",2015,48203,4123,456,386,148,1215,202,293,0,382,153,123,239,44,25,71,19,764,1933,163,254
"266",2016,48203,3629,487,324,161,1076,174,289,0,255,115,116,121,44,12,51,13,783,1584,125,132
"267",2017,48203,188,32,23,8,72,13,21,0,0,9,11,13,7,0,1,0,74,87,11,19
"268",2009,48204,6606,864,515,768,2638,458,474,716,441,181,295,233,102,128,61,61,2092,2788,204,350
"269",2010,48204,6437,837,539,807,2765,431,466,639,366,170,332,212,96,123,69,39,1970,2683,190,295
"270",2011,48204,5862,781,532,766,2512,394,399,566,372,165,250,151,96,114,50,46,1773,2505,177,231
"271",2012,48204,5630,743,558,539,2299,458,382,528,285,253,220,167,89,98,43,23,1679,2306,272,214
"272",2013,48204,5333,729,471,523,2166,429,365,160,234,217,252,161,70,71,55,56,1281,2132,228,195
"273",2014,48204,4690,698,387,376,1689,348,383,0,240,248,177,154,73,62,65,16,1118,1892,262,174
"274",2015,48204,4577,745,424,311,1537,252,374,0,227,224,112,147,51,44,64,20,1143,2010,245,170
"275",2016,48204,4003,710,389,248,1369,256,339,0,159,172,94,136,62,38,57,25,1061,1808,182,154
"276",2017,48204,192,26,27,24,120,27,21,0,0,6,9,4,5,0,1,0,49,87,6,4
"277",2009,48205,14205,1493,1154,1546,5730,1204,886,1000,1067,285,582,497,180,143,101,166,3442,5856,314,847
"278",2010,48205,12702,1540,957,1518,5182,1033,889,1076,834,266,452,326,206,153,111,120,3561,5115,294,575
"279",2011,48205,11184,1373,864,1444,4509,835,746,898,802,300,346,299,205,132,94,97,3076,4496,326,458
"280",2012,48205,10719,1337,965,1274,4588,967,745,907,580,416,371,309,160,87,86,120,3039,4361,427,406
"281",2013,48205,9607,1256,873,1030,3884,828,711,416,499,402,330,320,214,79,84,56,2425,3836,416,387
"282",2014,48205,9299,1322,711,959,3522,667,763,0,503,369,363,342,166,87,112,56,2128,3737,395,383
"283",2015,48205,9201,1251,726,680,3095,576,771,0,496,325,306,354,167,71,117,74,2066,3672,356,391
"284",2016,48205,8663,1136,747,697,3051,517,793,0,413,249,260,279,171,37,117,38,1968,3394,276,321
"285",2017,48205,454,35,48,79,269,50,47,0,0,15,35,22,12,0,0,1,86,165,15,27
"286",2009,48206,4431,616,396,454,1775,318,334,448,262,103,181,207,64,73,49,64,1417,1992,113,262
"287",2010,48206,3788,543,362,410,1568,262,278,377,200,132,150,120,46,48,36,54,1215,1672,142,150
"288",2011,48206,3434,432,344,432,1477,220,263,352,219,98,144,64,40,38,35,19,1055,1427,112,91
"289",2012,48206,3608,515,366,295,1450,315,254,355,139,191,108,75,33,37,28,33,1139,1500,201,89
"290",2013,48206,3293,470,339,304,1357,229,193,90,147,141,133,86,29,39,55,17,767,1404,147,99
"291",2014,48206,2999,480,306,217,1140,218,203,0,142,127,118,66,23,27,38,17,695,1296,132,74
"292",2015,48206,2987,483,305,203,1051,189,215,0,138,168,74,67,27,16,33,36,711,1312,181,77
"293",2016,48206,2683,456,279,204,1004,198,171,0,102,122,60,69,44,19,24,25,636,1197,130,75
"294",2017,48206,131,22,20,6,74,20,18,0,0,4,3,0,2,0,0,0,43,67,4,2
"295",2009,48207,4823,468,988,382,2528,529,213,465,174,126,159,75,35,32,35,55,1165,2318,138,169
"296",2010,48207,4854,449,1146,322,2664,524,203,443,218,108,147,78,37,32,31,42,1113,2480,121,115
"297",2011,48207,4637,423,1148,256,2453,437,210,406,218,116,150,65,22,47,33,35,1052,2382,129,102
"298",2012,48207,4575,419,1096,204,2347,439,158,363,180,186,143,90,21,31,31,24,950,2313,197,126
"299",2013,48207,4086,370,1150,182,2156,335,166,150,97,175,129,84,15,33,23,18,695,2088,178,95
"300",2014,48207,3515,350,810,110,1632,290,174,0,93,164,90,53,19,21,49,38,533,1686,171,67
"301",2015,48207,3383,356,819,115,1570,227,133,0,115,127,80,39,19,20,47,21,499,1697,139,52
"302",2016,48207,3477,403,785,83,1541,258,142,0,82,136,78,58,25,15,36,37,547,1726,144,72
"303",2017,48207,219,20,67,18,161,24,12,0,0,12,11,2,2,0,0,2,36,134,12,3
"304",2009,48208,2911,337,398,205,1296,265,205,333,137,47,129,98,22,43,23,23,885,1324,54,131
"305",2010,48208,3055,349,403,265,1449,302,180,360,107,47,149,73,20,43,18,28,898,1295,53,95
"306",2011,48208,2786,341,372,205,1199,244,205,312,132,56,124,40,21,69,29,12,873,1162,63,66
"307",2012,48208,2905,339,398,193,1202,255,167,381,151,78,113,55,16,65,21,26,902,1220,84,67
"308",2013,48208,2825,310,369,203,1129,204,144,178,173,109,134,41,9,89,33,18,643,1159,113,64
"309",2014,48208,2551,311,297,133,920,166,160,0,172,85,92,46,10,63,41,17,480,1092,98,73
"310",2015,48208,2616,311,351,131,927,142,138,0,142,75,67,57,28,53,22,22,462,1135,86,82
"311",2016,48208,2481,321,307,102,846,144,123,0,140,62,60,58,19,12,30,22,451,1116,68,98
"312",2017,48208,77,12,9,7,38,7,7,0,0,1,7,5,1,0,0,1,20,45,1,15
"313",2009,48209,6498,706,651,930,3166,661,405,673,179,90,255,161,39,112,80,48,1811,2423,100,218
"314",2010,48209,6066,765,735,764,2929,527,377,632,186,79,233,113,54,103,70,57,1786,2469,86,152
"315",2011,48209,5442,671,664,582,2566,490,380,594,204,83,205,60,39,93,53,34,1662,2235,90,108
"316",2012,48209,4858,705,579,423,2078,361,336,516,138,120,208,73,36,90,55,26,1573,2027,128,121
"317",2013,48209,4735,648,625,419,1926,320,329,146,138,133,151,69,29,77,65,19,1146,1892,139,85
"318",2014,48209,4654,621,541,361,1871,395,304,0,177,131,165,78,41,69,92,16,938,1817,145,98
"319",2015,48209,4497,668,528,237,1583,221,285,0,172,91,141,89,24,55,86,25,964,1959,104,111
"320",2016,48209,4154,631,484,245,1467,184,254,0,136,94,126,107,42,21,87,21,899,1819,109,124
"321",2017,48209,216,36,39,26,129,22,19,0,0,8,11,4,2,0,0,1,58,115,10,6
"322",2009,48210,5390,618,497,846,2591,495,376,453,183,80,227,177,61,81,57,32,1476,1999,95,236
"323",2010,48210,5324,589,506,709,2498,422,354,482,193,90,220,144,63,98,42,55,1452,2092,102,206
"324",2011,48210,4850,545,534,470,2127,416,391,452,210,88,206,131,65,114,56,19,1410,1940,98,188
"325",2012,48210,4495,511,412,422,1861,411,315,457,174,109,209,159,66,86,38,24,1315,1685,122,201
"326",2013,48210,4308,526,467,352,1651,350,288,151,167,116,153,143,58,86,68,15,985,1647,121,170
"327",2014,48210,3889,494,380,282,1503,357,262,0,191,83,128,116,32,65,71,9,776,1526,90,127
"328",2015,48210,4034,540,430,213,1373,238,279,0,152,106,108,133,39,45,57,18,833,1790,120,143
"329",2016,48210,3551,549,321,210,1084,175,228,0,110,94,116,100,36,28,63,15,796,1591,102,113
"330",2017,48210,196,33,22,37,109,18,15,0,0,12,8,6,2,0,0,1,57,84,14,6
"331",2009,48211,2378,266,288,215,986,199,154,216,117,35,70,88,22,22,21,15,643,1006,44,117
"332",2010,48211,2102,252,221,168,818,143,137,237,130,37,76,38,12,31,35,18,635,874,45,57
"333",2011,48211,2033,214,283,134,812,152,123,222,137,40,61,55,17,34,15,14,572,878,46,67
"334",2012,48211,1910,224,218,119,739,153,110,172,109,90,60,50,11,28,17,6,513,796,95,65
"335",2013,48211,1729,203,223,116,662,131,110,82,107,59,45,59,22,20,12,5,399,754,60,70
"336",2014,48211,1655,201,174,102,535,98,116,0,191,79,39,33,14,14,22,8,324,730,83,38
"337",2015,48211,1536,187,162,78,477,76,95,0,165,54,45,33,10,10,19,13,289,676,59,38
"338",2016,48211,1644,187,215,97,539,71,109,0,122,26,22,69,13,9,32,14,301,771,32,81
"339",2017,48211,79,9,15,13,49,9,5,0,0,4,1,1,0,0,1,0,17,40,4,2
"340",2009,48212,3391,363,251,567,1515,237,214,291,192,56,92,110,37,22,29,29,890,1340,60,169
"341",2010,48212,2921,333,270,413,1277,184,198,294,167,50,104,65,20,30,41,20,832,1164,55,92
"342",2011,48212,2723,320,237,335,1081,174,178,250,220,64,83,124,35,26,30,15,757,1187,71,155
"343",2012,48212,2394,289,183,212,878,195,142,218,159,76,88,159,29,19,29,16,664,1020,79,182
"344",2013,48212,2346,300,210,172,869,199,151,101,148,83,90,96,23,26,24,9,561,954,88,99
"345",2014,48212,2307,259,203,185,746,122,139,0,265,62,62,72,23,43,55,16,408,994,69,77
"346",2015,48212,2298,246,169,208,730,92,147,0,372,88,53,53,18,19,21,11,401,1056,99,57
"347",2016,48212,2469,313,170,251,795,106,150,0,487,60,57,28,13,28,23,11,469,1233,68,39
"348",2017,48212,111,15,22,22,74,13,4,0,0,4,0,4,3,0,0,0,19,55,4,4
"349",2009,48213,9012,1058,739,812,3415,743,592,767,744,206,339,329,86,82,92,123,2452,3882,233,495
"350",2010,48213,7953,876,632,768,3088,712,539,775,573,159,253,238,112,104,86,91,2223,3150,177,325
"351",2011,48213,6522,801,505,616,2414,466,458,684,516,198,224,211,81,76,60,56,1975,2695,208,271
"352",2012,48213,6099,781,494,498,2274,545,430,572,391,266,168,213,90,54,53,54,1817,2500,277,253
"353",2013,48213,5635,632,568,451,2219,580,378,271,329,258,171,162,94,47,63,36,1303,2174,272,187
"354",2014,48213,5302,701,438,394,1860,407,399,0,322,244,176,158,67,53,83,26,1133,2076,261,173
"355",2015,48213,5076,637,446,329,1638,298,400,0,303,180,136,216,61,39,94,28,1060,2077,189,232
"356",2016,48213,4760,622,365,284,1472,286,422,0,190,153,111,166,68,26,92,26,1069,1794,164,189
"357",2017,48213,249,24,38,33,146,32,25,0,0,18,12,17,7,0,1,0,49,110,18,19
"358",2009,48214,4170,542,535,396,1853,363,299,327,200,87,155,138,59,32,30,61,1198,1902,95,174
"359",2010,48214,4120,536,550,387,1821,344,278,384,177,79,139,90,42,36,37,46,1211,1803,91,120
"360",2011,48214,3534,457,424,296,1486,316,220,321,164,108,111,81,35,39,31,16,1007,1487,118,103
"361",2012,48214,3370,425,429,310,1467,300,215,310,121,118,117,91,36,21,26,26,963,1411,127,98
"362",2013,48214,3285,427,460,293,1481,347,190,128,116,141,112,52,42,30,23,20,761,1357,148,63
"363",2014,48214,2851,352,323,166,1095,293,201,0,123,151,84,70,21,21,41,17,559,1130,156,84
"364",2015,48214,2914,407,400,171,1130,221,194,0,101,137,77,61,14,17,45,22,608,1255,150,69
"365",2016,48214,2905,392,418,165,1162,239,209,0,93,85,69,57,38,12,34,21,605,1252,90,62
"366",2017,48214,182,28,24,20,106,24,11,0,0,10,14,7,4,0,0,0,40,90,10,13
"367",2009,48215,2887,342,374,340,1266,219,186,256,175,83,79,72,17,27,15,32,796,1288,89,127
"368",2010,48215,2584,301,349,275,1146,220,192,215,141,65,72,60,24,27,20,27,717,1128,72,101
"369",2011,48215,2116,279,268,220,888,136,160,202,121,71,67,39,23,15,9,17,652,924,83,60
"370",2012,48215,2247,297,347,263,1077,143,191,191,49,94,94,35,20,13,14,16,689,966,100,44
"371",2013,48215,2141,243,470,172,1076,169,127,65,66,88,73,32,31,12,24,7,446,1007,93,38
"372",2014,48215,1908,259,259,139,759,123,155,0,101,102,73,27,25,12,32,5,425,815,110,34
"373",2015,48215,1967,275,312,136,786,100,141,0,101,77,66,65,24,14,30,19,420,931,84,67
"374",2016,48215,2058,283,268,143,749,127,134,0,95,71,45,35,15,7,50,16,422,854,77,39
"375",2017,48215,104,15,26,18,72,12,6,0,0,4,1,3,1,0,0,0,21,57,4,3
"376",2009,48216,1850,164,316,154,922,200,112,166,75,43,60,29,13,57,22,15,448,797,48,48
"377",2010,48216,1677,151,344,125,927,204,68,162,61,23,47,16,6,31,14,14,383,804,27,31
"378",2011,48216,1648,159,402,99,924,181,71,182,52,24,39,14,8,21,8,7,417,852,28,25
"379",2012,48216,1652,157,455,58,939,192,74,155,34,39,34,10,3,15,6,4,393,866,43,18
"380",2013,48216,1680,148,497,69,989,192,69,73,34,46,48,7,4,5,9,7,294,876,47,13
"381",2014,48216,1677,163,478,57,939,194,69,0,40,37,41,9,7,9,6,16,234,886,40,19
"382",2015,48216,1496,130,384,38,767,124,48,0,30,38,39,11,7,7,10,16,181,754,48,17
"383",2016,48216,1364,122,379,40,663,89,39,0,25,37,25,9,3,4,14,7,164,681,42,20
"384",2017,48216,61,4,17,9,45,9,3,0,0,2,0,4,0,0,0,1,7,36,2,4
"385",2009,48217,1364,154,99,138,531,100,92,133,45,26,56,85,18,33,16,7,387,531,32,92
"386",2010,48217,1276,181,123,89,481,70,85,127,38,26,53,67,17,17,11,7,400,557,27,73
"387",2011,48217,1242,144,106,139,498,80,82,129,44,27,52,63,20,26,14,8,361,482,34,68
"388",2012,48217,1315,160,114,142,552,100,87,136,36,37,56,25,9,23,7,5,384,484,40,30
"389",2013,48217,1027,115,90,83,404,84,72,36,40,47,31,9,7,10,15,3,230,368,49,10
"390",2014,48217,966,131,82,44,304,60,72,0,37,42,25,24,10,14,22,4,207,370,44,26
"391",2015,48217,871,134,71,38,262,48,52,0,18,33,13,21,2,7,15,6,189,338,34,23
"392",2016,48217,859,138,69,36,265,45,53,0,35,24,15,16,10,3,21,2,195,363,26,19
"393",2017,48217,48,9,5,10,33,6,1,0,0,3,0,1,0,0,0,0,10,25,3,1
"394",2009,48218,17,2,2,0,6,1,0,4,0,0,1,1,0,0,1,0,6,8,0,2
"395",2010,48218,38,3,2,4,15,0,1,7,1,3,1,3,0,0,0,0,11,16,3,3
"396",2011,48218,18,2,1,5,9,0,0,0,0,2,1,0,0,1,0,0,2,5,2,0
"397",2012,48218,22,2,1,1,7,3,1,1,1,0,0,5,1,2,0,0,4,11,0,5
"398",2013,48218,17,3,0,2,6,3,0,1,0,0,1,0,0,1,0,0,4,3,0,0
"399",2014,48218,25,4,0,2,10,3,3,0,1,0,1,0,0,0,0,0,7,9,0,0
"400",2015,48218,14,1,2,0,3,0,0,0,2,0,1,0,0,0,1,0,1,6,0,1
"401",2016,48218,13,1,1,0,2,1,0,0,1,0,0,0,0,0,0,0,1,3,0,0
"402",2017,48218,1,0,0,0,1,0,0,0,0,0,0,0,0,0,0,0,0,1,0,0
"403",2009,48219,10007,1221,1045,1552,4864,905,605,827,472,235,331,268,127,129,79,163,2682,4218,261,351
"404",2010,48219,9227,1178,1035,1318,4330,750,580,854,401,232,285,249,152,108,78,92,2650,3957,247,354
"405",2011,48219,8399,1070,785,1274,3974,809,586,811,315,239,290,218,116,76,54,64,2497,3308,253,282
"406",2012,48219,9114,1108,970,1201,4146,823,579,788,313,458,287,219,102,55,56,74,2512,3593,475,295
"407",2013,48219,8723,1130,1014,945,3929,807,546,201,238,385,352,192,135,41,80,71,1920,3463,398,232
"408",2014,48219,8628,1214,859,743,3348,769,593,1,447,469,231,231,115,51,79,52,1846,3567,489,263
"409",2015,48219,8563,1197,917,709,3103,561,580,0,399,464,186,238,103,29,85,49,1809,3598,479,296
"410",2016,48219,8197,1273,793,623,2999,675,508,0,391,337,148,155,173,31,77,66,1814,3512,351,187
"411",2017,48219,417,64,59,61,236,52,41,0,0,22,10,16,20,0,4,0,107,193,24,18
"412",2009,48220,54,3,5,5,27,6,1,12,1,0,7,2,0,0,0,1,16,16,0,2
"413",2010,48220,84,5,10,9,39,5,7,13,7,1,9,3,2,0,0,2,25,33,1,3
"414",2011,48220,84,7,12,5,34,6,4,12,7,3,6,1,1,3,1,3,23,33,4,1
"415",2012,48220,60,7,13,4,28,6,4,5,2,2,2,0,0,2,1,0,16,28,2,3
"416",2013,48220,93,3,23,2,36,0,5,4,6,6,6,2,1,1,1,0,12,41,8,3
"417",2014,48220,172,11,40,1,56,1,3,0,8,30,4,4,3,1,3,2,15,75,33,5
"418",2015,48220,195,14,61,2,78,5,3,0,5,33,3,1,0,0,2,1,17,93,35,3
"419",2016,48220,281,14,105,6,129,5,3,0,7,29,4,2,2,0,0,2,17,143,34,4
"420",2017,48220,17,0,7,0,8,0,1,0,0,5,0,1,0,0,0,0,1,9,6,1
"421",2009,48221,7382,783,1033,1010,3677,634,349,777,434,302,311,167,71,57,56,63,1931,3196,328,206
"422",2010,48221,6852,809,954,896,3267,504,366,757,384,311,267,133,44,57,56,50,1944,2998,336,178
"423",2011,48221,6716,783,776,846,3148,510,386,726,345,335,277,105,55,71,43,47,1915,2796,364,130
"424",2012,48221,7103,876,787,836,3237,605,409,671,279,441,295,109,56,49,62,46,1975,2825,458,137
"425",2013,48221,6959,847,943,703,3241,681,382,126,231,478,265,82,49,53,59,43,1383,2802,482,95
"426",2014,48221,6183,805,785,492,2616,637,399,0,207,450,178,102,52,45,59,27,1229,2482,462,130
"427",2015,48221,6388,880,853,439,2588,504,434,0,195,443,152,68,50,19,50,40,1334,2703,456,101
"428",2016,48221,5813,774,652,386,2353,618,388,0,206,322,134,55,51,17,52,34,1176,2275,342,81
"429",2017,48221,277,38,36,51,170,48,31,0,0,22,7,2,3,0,0,2,71,107,22,4
"430",2009,48223,5326,615,498,802,2510,435,328,473,345,132,215,147,57,66,47,57,1447,2219,145,207
"431",2010,48223,4937,562,513,612,2236,437,296,494,296,131,191,153,81,86,40,37,1372,2070,148,215
"432",2011,48223,4521,540,474,638,2143,426,310,438,215,119,157,118,51,42,27,27,1298,1833,132,161
"433",2012,48223,4506,542,487,513,1986,411,256,462,168,218,157,103,49,23,35,28,1281,1749,225,129
"434",2013,48223,4512,582,501,496,2068,427,254,93,152,224,195,75,60,20,31,23,961,1773,231,92
"435",2014,48223,4287,550,486,416,1775,355,274,2,198,208,135,100,56,29,33,26,848,1760,218,117
"436",2015,48223,3989,529,434,323,1461,254,223,0,187,221,105,78,43,22,42,26,773,1699,226,99
"437",2016,48223,3990,585,357,289,1449,309,241,0,192,176,97,74,63,17,36,25,838,1710,185,87
"438",2017,48223,233,30,34,39,152,43,18,0,0,9,7,7,5,0,1,1,51,99,9,7
"439",2009,48224,9544,1055,981,1371,4717,1091,588,720,454,234,364,150,82,64,53,99,2400,3708,257,290
"440",2010,48224,9134,1141,857,1257,4244,1008,623,721,403,236,254,148,95,68,63,90,2518,3556,250,244
"441",2011,48224,8313,1084,769,1241,3859,740,553,703,418,251,236,155,105,62,67,48,2360,3325,266,226
"442",2012,48224,8776,1110,775,1211,4150,956,605,712,296,385,244,155,139,33,56,71,2463,3364,396,206
"443",2013,48224,8442,1032,790,1124,3860,976,569,322,293,356,237,158,169,43,61,68,1961,3073,369,183
"444",2014,48224,7774,1089,651,938,3285,698,653,0,300,394,242,195,123,59,87,57,1771,3045,409,214
"445",2015,48224,7310,1113,657,735,2803,532,615,0,256,296,194,170,107,44,74,72,1767,3079,320,185
"446",2016,48224,7435,1032,640,850,2953,531,656,0,218,230,161,134,129,25,76,54,1711,2926,256,164
"447",2017,48224,399,41,57,60,236,50,59,0,0,13,13,14,13,0,1,0,102,169,14,21
"448",2009,48225,455,54,30,40,179,46,24,44,30,13,23,6,4,2,1,15,125,187,13,18
"449",2010,48225,424,57,33,40,146,25,26,37,21,10,19,6,3,4,4,17,121,179,11,18
"450",2011,48225,402,44,26,35,150,33,21,42,37,13,21,8,4,5,3,3,110,161,14,19
"451",2012,48225,336,36,24,39,146,36,15,34,15,13,21,11,3,3,3,0,86,117,13,15
"452",2013,48225,304,33,25,16,104,32,22,13,24,16,8,6,5,2,2,5,71,116,18,8
"453",2014,48225,291,33,23,29,112,23,26,0,22,10,12,4,0,4,1,2,59,116,11,10
"454",2015,48225,302,28,29,27,106,17,22,0,22,10,10,10,4,7,3,2,50,121,11,13
"455",2016,48225,295,36,13,25,94,22,22,0,24,8,10,4,4,0,4,1,58,114,8,5
"456",2017,48225,15,4,1,1,8,2,3,0,0,0,2,0,0,0,0,0,7,7,0,0
"457",2009,48226,4889,420,1344,130,2377,400,146,571,357,94,125,65,24,142,42,117,1141,2780,111,146
"458",2010,48226,4290,363,1136,116,2339,554,143,481,166,102,117,69,23,64,33,75,997,2293,123,117
"459",2011,48226,4373,367,1286,105,2413,524,128,538,181,92,108,22,28,40,44,44,1042,2353,100,62
"460",2012,48226,4098,367,1177,66,2137,384,140,527,221,119,110,25,16,44,23,28,1040,2259,128,51
"461",2013,48226,3554,348,999,48,1706,261,100,208,230,171,143,37,9,27,34,30,660,1921,181,50
"462",2014,48226,3359,315,914,47,1538,246,100,0,291,105,94,36,19,32,37,40,419,1865,114,53
"463",2015,48226,3380,355,894,31,1429,162,99,0,250,107,76,41,11,35,41,38,458,1892,126,75
"464",2016,48226,3400,401,868,38,1371,185,85,0,184,114,65,44,22,16,23,48,490,1813,129,73
"465",2017,48226,175,21,74,1,108,8,6,0,0,10,11,3,1,0,0,0,29,132,10,21
"466",2009,48227,10054,1257,957,1298,4384,776,769,981,593,238,424,251,144,181,78,104,3041,4169,268,375
"467",2010,48227,9551,1226,915,1105,4047,689,716,1007,590,240,392,228,152,170,89,94,3001,4081,263,383
"468",2011,48227,8956,1039,772,1196,3915,681,611,966,509,256,392,214,163,196,71,57,2657,3508,278,298
"469",2012,48227,8901,1105,798,992,3655,663,556,1027,393,374,408,179,141,138,71,53,2736,3386,401,264
"470",2013,48227,8491,1041,853,781,3339,684,557,270,398,400,353,151,170,87,92,55,1914,3222,417,240
"471",2014,48227,7444,1108,674,624,2721,538,618,0,313,374,270,201,124,95,79,35,1766,2986,386,264
"472",2015,48227,8215,1161,830,594,2847,475,682,0,564,359,228,241,114,67,76,51,1887,3626,382,302
"473",2016,48227,7530,1099,740,491,2649,506,580,0,375,296,163,239,145,63,96,70,1705,3346,304,279
"474",2017,48227,426,63,70,37,253,56,46,0,0,24,14,13,9,0,3,1,110,227,25,21
"475",2009,48228,12658,1625,939,1932,5506,991,876,1231,991,287,436,307,117,247,90,132,3787,5253,331,412
"476",2010,48228,11710,1602,1005,1646,5043,795,739,1199,798,241,364,311,116,224,83,132,3573,5103,276,431
"477",2011,48228,10895,1353,894,1691,4832,832,678,1218,674,296,309,206,126,171,89,96,3282,4356,318,288
"478",2012,48228,11651,1563,1053,1513,4844,838,744,1170,737,479,392,272,143,124,77,92,3517,4801,506,338
"479",2013,48228,10963,1609,1115,1127,4333,807,727,295,660,479,382,179,128,138,91,45,2663,4546,497,224
"480",2014,48228,10453,1733,883,1015,3787,679,697,0,586,465,290,220,132,128,126,55,2479,4397,485,262
"481",2015,48228,10672,1792,939,847,3499,513,700,0,804,423,285,366,113,64,103,63,2536,4910,451,408
"482",2016,48228,10116,1693,843,764,3278,546,717,0,762,379,208,263,137,79,144,90,2436,4610,395,300
"483",2017,48228,530,94,53,61,262,47,73,0,0,26,13,26,15,0,2,2,172,259,30,28
"484",2009,48229,137,10,15,9,65,18,6,10,9,8,10,3,3,1,0,0,26,52,8,6
"485",2010,48229,152,9,29,5,70,9,8,16,4,4,12,6,2,3,3,0,34,63,4,9
"486",2011,48229,91,9,14,4,39,8,4,14,4,0,6,6,0,1,0,0,27,40,1,6
"487",2012,48229,107,6,16,5,49,8,5,11,6,2,13,7,0,2,1,1,24,48,2,9
"488",2013,48229,56,4,14,3,30,7,3,2,1,1,4,0,1,1,0,0,9,21,2,0
"489",2014,48229,57,8,2,3,13,2,6,0,2,3,0,1,0,0,0,0,14,19,3,1
"490",2015,48229,74,4,5,5,21,3,2,0,9,2,1,1,1,1,3,0,7,27,2,1
"491",2016,48229,70,2,15,5,32,3,4,0,5,4,3,3,0,0,1,1,6,32,4,3
"492",2017,48229,1,0,0,0,0,0,0,0,0,1,0,0,0,0,0,0,0,0,1,0
"493",2009,48230,154,19,22,11,67,8,17,10,4,5,10,5,2,2,1,1,46,69,5,8
"494",2010,48230,169,24,14,20,69,11,19,12,5,3,4,3,1,0,0,0,55,69,4,9
"495",2011,48230,156,29,16,13,63,12,10,15,6,9,3,4,1,2,0,0,54,76,10,5
"496",2012,48230,140,27,12,9,55,13,11,21,1,5,6,2,0,0,1,3,61,62,5,5
"497",2013,48230,166,21,21,7,70,16,12,6,6,10,8,3,3,1,3,1,40,68,10,4
"498",2014,48230,172,22,28,12,82,12,16,0,6,4,6,1,2,0,0,2,38,86,5,4
"499",2015,48230,188,16,37,12,88,5,22,0,7,6,6,3,1,1,2,1,41,90,6,3
"500",2016,48230,218,23,25,18,83,14,12,0,15,5,7,3,2,3,5,4,35,89,6,5
"501",2017,48230,5,2,0,1,2,0,0,0,0,1,1,0,0,0,0,0,2,2,1,0
"502",2009,48234,9722,1045,979,1001,4104,754,532,929,832,189,311,166,107,82,76,102,2543,4285,233,328
"503",2010,48234,9551,1112,920,1043,3886,645,561,968,801,207,289,180,109,90,109,103,2660,4194,248,301
"504",2011,48234,9058,995,741,954,3412,639,505,886,933,243,275,245,114,107,82,58,2414,3883,269,361
"505",2012,48234,8542,1009,704,835,3231,666,523,796,682,329,274,243,102,98,84,78,2360,3521,351,314
"506",2013,48234,7546,932,765,644,2960,652,439,304,472,366,203,194,90,47,92,51,1710,3107,382,212
"507",2014,48234,7017,893,649,574,2489,431,476,0,536,338,200,145,107,40,60,33,1391,2895,354,161
"508",2015,48234,6805,910,677,531,2403,362,499,0,482,293,157,150,74,34,68,65,1433,2944,311,172
"509",2016,48234,6600,965,626,520,2345,394,520,0,426,245,161,109,102,17,71,31,1499,2791,264,128
"510",2017,48234,363,52,62,61,220,38,35,0,0,14,18,16,8,0,0,0,92,172,15,18
"511",2009,48235,10386,1111,1330,1477,5135,938,595,988,500,305,405,261,134,89,86,89,2723,4318,349,347
"512",2010,48235,10447,1261,1241,1308,4893,892,675,1041,412,352,407,285,155,98,87,83,3012,4366,382,371
"513",2011,48235,10088,1204,1134,1418,4900,885,616,999,386,355,452,207,124,97,66,59,2861,4023,376,264
"514",2012,48235,10664,1287,1131,1305,4979,1022,634,981,329,548,511,198,130,72,80,66,2942,4080,566,273
"515",2013,48235,10295,1260,1243,1119,4731,1020,626,248,277,522,460,168,136,56,93,36,2160,3895,539,202
"516",2014,48235,9684,1318,1068,910,4000,890,676,0,352,592,295,182,120,71,80,42,2016,3840,607,232
"517",2015,48235,10451,1363,1251,979,4310,766,717,0,407,514,270,190,126,49,87,52,2126,4328,541,235
"518",2016,48235,9745,1433,985,722,3889,958,697,0,333,443,206,192,145,28,105,51,2168,4074,461,229
"519",2017,48235,517,72,68,92,317,68,52,0,0,32,25,11,10,0,2,0,127,220,32,15
"520",2009,48236,1048,104,161,104,502,100,61,91,50,32,52,18,5,5,5,9,257,452,35,47
"521",2010,48236,988,95,137,82,439,99,64,94,56,25,39,22,12,6,18,10,254,409,26,32
"522",2011,48236,955,83,186,92,495,87,49,101,46,18,36,12,12,1,3,5,236,427,21,19
"523",2012,48236,979,114,172,96,499,98,52,98,31,28,45,7,10,7,4,5,267,431,30,21
"524",2013,48236,929,99,189,79,446,68,67,63,28,21,46,10,16,6,1,3,234,399,22,16
"525",2014,48236,862,107,167,59,384,52,71,0,27,26,35,9,11,7,10,4,178,391,31,16
"526",2015,48236,838,90,131,64,326,54,77,0,35,26,25,20,11,8,9,6,168,333,30,23
"527",2016,48236,877,127,131,76,347,51,59,0,34,19,24,12,8,8,8,11,188,386,21,18
"528",2017,48236,59,12,12,9,34,2,9,0,0,0,3,1,1,0,0,0,22,34,0,1
"529",2009,48237,47,5,3,6,18,2,3,8,3,2,4,0,0,1,0,0,16,17,2,3
"530",2010,48237,59,4,7,6,26,1,2,11,6,0,8,1,0,4,0,1,17,23,0,1
"531",2011,48237,61,4,3,11,31,4,4,10,6,2,4,0,0,0,0,0,18,22,2,0
"532",2012,48237,48,5,3,1,19,7,5,5,6,2,5,1,0,1,0,1,15,19,2,1
"533",2013,48237,42,1,6,2,16,2,4,1,9,2,4,1,0,3,0,0,6,20,2,2
"534",2014,48237,49,3,2,4,12,1,1,0,7,3,2,3,0,0,1,0,5,21,4,4
"535",2015,48237,43,9,9,4,21,2,1,0,2,0,6,0,0,0,1,0,10,20,0,0
"536",2016,48237,39,4,7,2,12,1,3,0,4,2,0,2,0,0,1,0,7,19,2,2
"537",2017,48237,2,1,0,0,0,0,0,0,0,0,0,0,0,0,0,0,1,1,0,0
"538",2009,48238,8320,1076,753,920,3392,569,598,825,610,209,390,347,130,110,94,69,2539,3677,251,454
"539",2010,48238,7562,971,691,858,3142,463,573,791,529,199,324,201,107,115,66,68,2361,3318,245,300
"540",2011,48238,7199,904,615,835,2998,468,522,710,523,219,280,172,113,137,53,54,2167,3093,259,253
"541",2012,48238,7137,961,707,616,2951,580,523,642,431,308,318,166,75,71,72,39,2158,3038,329,210
"542",2013,48238,6493,975,652,634,2569,440,452,140,315,276,269,182,79,88,79,72,1594,2774,293,227
"543",2014,48238,5906,851,522,541,2253,415,464,1,271,278,205,182,99,75,80,31,1350,2421,291,203
"544",2015,48238,5937,962,607,436,2159,327,417,0,300,277,170,121,62,42,59,36,1406,2644,295,153
"545",2016,48238,5239,774,538,340,1892,330,465,0,244,239,147,119,84,19,78,21,1256,2246,256,152
"546",2017,48238,323,58,42,35,189,45,34,0,0,8,20,6,9,0,2,0,96,151,10,10
"547",2009,48239,1017,104,109,134,500,97,66,99,51,27,53,15,7,17,2,7,272,414,31,36
"548",2010,48239,1034,110,111,133,500,88,60,108,50,30,61,27,15,10,10,9,283,422,34,43
"549",2011,48239,1014,105,100,178,517,103,51,107,44,26,41,12,9,11,9,11,264,387,27,35
"550",2012,48239,1050,125,116,126,507,121,49,94,34,35,38,21,9,9,13,4,272,415,37,31
"551",2013,48239,1172,187,120,144,526,111,51,27,44,46,47,20,7,11,15,7,269,480,49,21
"552",2014,48239,1066,160,89,99,364,76,71,0,59,47,22,18,15,12,12,1,237,413,49,25
"553",2015,48239,1034,152,104,80,365,52,53,0,64,27,32,38,12,8,10,9,208,491,29,44
"554",2016,48239,987,148,112,92,348,61,69,0,49,38,14,23,6,9,11,13,217,456,40,24
"555",2017,48239,62,15,9,8,34,6,7,0,0,3,3,1,1,0,0,0,22,33,3,1
"556",2009,48240,1285,91,215,134,647,104,70,105,80,27,86,44,23,49,12,15,269,592,30,81
"557",2010,48240,1033,81,215,81,535,80,39,93,66,39,68,21,19,13,3,14,216,514,41,45
"558",2011,48240,1002,72,178,107,518,75,49,102,48,43,71,26,14,12,7,4,225,436,50,48
"559",2012,48240,978,74,184,52,479,79,39,79,45,57,81,25,15,11,8,8,199,431,68,37
"560",2013,48240,933,91,190,55,476,74,38,18,30,45,106,10,14,11,5,5,149,389,51,20
"561",2014,48240,941,103,156,57,397,55,44,0,52,40,58,22,19,8,6,1,151,419,51,33
"562",2015,48240,958,97,161,53,387,44,48,0,66,34,56,16,13,7,15,4,147,440,41,28
"563",2016,48240,916,98,165,42,353,39,46,0,40,28,29,16,16,4,12,5,146,420,34,20
"564",2017,48240,35,6,6,6,20,4,3,0,0,1,3,0,2,0,0,0,9,15,1,2
"565",2009,48242,2,0,0,0,0,0,0,1,1,0,0,0,0,0,0,0,1,1,0,0
"566",2010,48242,2,0,0,0,0,0,0,0,1,0,0,0,0,0,0,0,0,1,0,0
"567",2011,48242,2,0,0,1,1,0,0,1,0,0,0,0,0,0,0,0,1,0,0,0
"568",2013,48242,5,0,0,0,1,0,0,0,2,0,0,0,0,0,2,0,0,3,0,0
"569",2015,48242,3,0,0,0,0,0,0,0,0,0,0,0,0,1,0,0,0,0,0,0
"570",2016,48242,2,0,0,0,0,0,0,0,2,0,0,0,0,0,0,0,0,2,0,0
"571",2009,48243,241,26,63,16,142,24,9,24,8,7,5,1,4,0,0,0,62,134,9,3
"572",2010,48243,336,29,83,16,198,54,9,35,12,9,7,2,1,0,2,1,73,172,9,9
"573",2011,48243,404,32,121,17,240,51,17,39,7,7,9,4,4,1,5,2,89,214,9,7
"574",2012,48243,324,28,96,15,181,38,12,29,8,5,5,4,0,3,0,2,70,171,5,9
"575",2013,48243,268,24,98,6,154,23,5,18,2,6,7,1,1,3,1,2,48,151,7,2
"576",2014,48243,327,28,95,2,150,25,7,0,20,11,8,0,4,3,0,0,37,165,12,2
"577",2015,48243,330,20,102,5,162,22,12,0,17,9,3,1,2,1,3,2,32,178,10,6
"578",2016,48243,396,49,83,6,172,33,7,0,12,16,4,4,4,2,2,1,56,198,18,7
"579",2017,48243,25,0,13,3,23,4,1,0,0,1,0,0,0,0,0,0,1,16,1,0
