"","ENROLL_YEAR","ZIP","NUM_SCHOOLS","NUM_COHORT","NUM_GRADUATES","NUM_DROPOUTS","COHORT_GRAD_YEAR","GRAD_RATE","DROP_RATE"
"1",2003,48072,1,28,21,8,2007,0.75,0.285714285714286
"2",2004,48072,1,39,32,8,2008,0.82051282051282,0.205128205128205
"3",2005,48072,1,40,33,6,2009,0.825,0.15
"4",2006,48072,1,39,32,8,2010,0.82051282051282,0.205128205128205
"5",2007,48072,1,53,48,5,2011,0.905660377358491,0.0943396226415094
"6",2003,48101,1,343,299,22,2007,0.871720116618076,0.0641399416909621
"7",2004,48101,1,371,329,23,2008,0.886792452830189,0.0619946091644205
"8",2005,48101,1,364,319,39,2009,0.876373626373626,0.107142857142857
"9",2006,48101,1,333,290,35,2010,0.870870870870871,0.105105105105105
"10",2007,48101,1,365,324,37,2011,0.887671232876712,0.101369863013699
"11",2008,48101,1,374,325,41,2012,0.868983957219251,0.109625668449198
"12",2009,48101,1,314,281,25,2013,0.894904458598726,0.0796178343949045
"13",2010,48101,1,353,314,34,2014,0.889518413597734,0.0963172804532578
"14",2011,48101,1,290,255,23,2015,0.879310344827586,0.0793103448275862
"15",2003,48111,1,520,460,57,2007,0.884615384615385,0.109615384615385
"16",2004,48111,1,578,506,69,2008,0.875432525951557,0.119377162629758
"17",2005,48111,1,524,460,57,2009,0.877862595419847,0.108778625954198
"18",2006,48111,1,444,368,63,2010,0.828828828828829,0.141891891891892
"19",2007,48111,1,504,412,60,2011,0.817460317460317,0.119047619047619
"20",2008,48111,1,426,356,59,2012,0.835680751173709,0.13849765258216
"21",2009,48111,1,417,357,57,2013,0.856115107913669,0.136690647482014
"22",2010,48111,1,428,364,44,2014,0.850467289719626,0.102803738317757
"23",2011,48111,1,452,389,41,2015,0.860619469026549,0.0907079646017699
"24",2003,48121,1,109,104,6,2007,0.954128440366973,0.055045871559633
"25",2004,48121,1,116,112,5,2008,0.96551724137931,0.0431034482758621
"26",2005,48121,1,106,99,6,2009,0.933962264150943,0.0566037735849057
"27",2006,48121,1,118,105,13,2010,0.889830508474576,0.110169491525424
"28",2007,48121,1,108,90,14,2011,0.833333333333333,0.12962962962963
"29",2008,48121,1,106,98,4,2012,0.924528301886792,0.0377358490566038
"30",2009,48121,1,122,117,2,2013,0.959016393442623,0.0163934426229508
"31",2010,48121,1,112,106,5,2014,0.946428571428571,0.0446428571428571
"32",2011,48121,1,100,93,3,2015,0.93,0.03
"33",2003,48122,2,239,199,42,2007,0.832635983263598,0.175732217573222
"34",2004,48122,2,275,228,48,2008,0.829090909090909,0.174545454545455
"35",2005,48122,2,253,219,31,2009,0.865612648221344,0.122529644268775
"36",2006,48122,2,268,232,32,2010,0.865671641791045,0.119402985074627
"37",2007,48122,2,258,233,16,2011,0.903100775193798,0.062015503875969
"38",2008,48122,2,276,254,20,2012,0.920289855072464,0.072463768115942
"39",2009,48122,2,271,251,15,2013,0.92619926199262,0.0553505535055351
"40",2010,48122,2,274,257,16,2014,0.937956204379562,0.0583941605839416
"41",2011,48122,2,250,230,13,2015,0.92,0.052
"42",2003,48124,1,1456,1197,250,2007,0.822115384615385,0.171703296703297
"43",2004,48124,1,1450,1239,196,2008,0.85448275862069,0.135172413793103
"44",2005,48124,1,1475,1226,216,2009,0.831186440677966,0.146440677966102
"45",2006,48124,1,1392,1163,200,2010,0.835488505747126,0.14367816091954
"46",2007,48124,1,1369,1118,196,2011,0.816654492330168,0.143170197224251
"47",2008,48124,1,1397,1210,148,2012,0.866141732283465,0.105941302791696
"48",2009,48124,1,1489,1321,119,2013,0.887172599059772,0.0799194089993284
"49",2010,48124,1,1433,1278,110,2014,0.891835310537334,0.0767620376831821
"50",2011,48124,1,1383,1244,53,2015,0.899493853940709,0.0383224873463485
"51",2003,48125,2,369,277,90,2007,0.750677506775068,0.24390243902439
"52",2004,48125,2,359,263,90,2008,0.732590529247911,0.250696378830084
"53",2005,48125,2,446,284,125,2009,0.63677130044843,0.280269058295964
"54",2006,48125,2,547,307,203,2010,0.561243144424132,0.371115173674589
"55",2007,48125,2,654,316,273,2011,0.483180428134557,0.41743119266055
"56",2008,48125,2,672,371,251,2012,0.552083333333333,0.373511904761905
"57",2009,48125,2,716,387,276,2013,0.540502793296089,0.385474860335196
"58",2010,48125,2,572,327,166,2014,0.571678321678322,0.29020979020979
"59",2011,48125,2,540,299,129,2015,0.553703703703704,0.238888888888889
"60",2003,48126,1,65,49,17,2007,0.753846153846154,0.261538461538462
"61",2004,48126,2,79,75,4,2008,0.949367088607595,0.0506329113924051
"62",2005,48126,2,94,89,7,2009,0.946808510638298,0.074468085106383
"63",2006,48126,2,108,99,11,2010,0.916666666666667,0.101851851851852
"64",2007,48126,2,145,130,9,2011,0.896551724137931,0.0620689655172414
"65",2008,48126,2,154,141,8,2012,0.915584415584416,0.051948051948052
"66",2009,48126,2,165,158,7,2013,0.957575757575758,0.0424242424242424
"67",2010,48126,2,172,159,12,2014,0.924418604651163,0.0697674418604651
"68",2011,48126,2,163,142,6,2015,0.871165644171779,0.0368098159509202
"69",2003,48127,2,318,287,29,2007,0.90251572327044,0.0911949685534591
"70",2004,48127,3,388,352,29,2008,0.907216494845361,0.0747422680412371
"71",2005,48127,3,350,289,54,2009,0.825714285714286,0.154285714285714
"72",2006,48127,4,447,361,73,2010,0.807606263982103,0.16331096196868
"73",2007,48127,4,441,340,68,2011,0.770975056689342,0.154195011337868
"74",2008,48127,3,386,352,35,2012,0.911917098445596,0.0906735751295337
"75",2009,48127,3,412,377,28,2013,0.91504854368932,0.0679611650485437
"76",2010,48127,3,421,393,24,2014,0.933491686460808,0.0570071258907363
"77",2011,48127,3,444,413,14,2015,0.93018018018018,0.0315315315315315
"78",2003,48134,1,131,122,10,2007,0.931297709923664,0.0763358778625954
"79",2004,48134,1,138,113,26,2008,0.818840579710145,0.188405797101449
"80",2005,48134,1,139,108,24,2009,0.776978417266187,0.172661870503597
"81",2006,48134,1,143,118,22,2010,0.825174825174825,0.153846153846154
"82",2007,48134,1,137,119,10,2011,0.868613138686131,0.072992700729927
"83",2008,48134,1,124,112,10,2012,0.903225806451613,0.0806451612903226
"84",2009,48134,1,156,141,11,2013,0.903846153846154,0.0705128205128205
"85",2010,48134,1,130,114,13,2014,0.876923076923077,0.1
"86",2011,48134,1,152,133,8,2015,0.875,0.0526315789473684
"87",2003,48135,1,561,365,168,2007,0.650623885918004,0.299465240641711
"88",2004,48135,1,571,390,149,2008,0.683012259194396,0.260945709281961
"89",2005,48135,1,592,412,155,2009,0.695945945945946,0.261824324324324
"90",2006,48135,1,608,398,161,2010,0.654605263157895,0.264802631578947
"91",2007,48135,1,570,423,128,2011,0.742105263157895,0.224561403508772
"92",2008,48135,1,608,468,117,2012,0.769736842105263,0.192434210526316
"93",2009,48135,1,627,468,130,2013,0.746411483253589,0.207336523125997
"94",2010,48135,1,548,399,109,2014,0.728102189781022,0.198905109489051
"95",2011,48135,1,477,352,43,2015,0.737945492662474,0.090146750524109
"96",2003,48138,1,196,193,3,2007,0.98469387755102,0.0153061224489796
"97",2004,48138,1,183,179,5,2008,0.978142076502732,0.0273224043715847
"98",2005,48138,1,162,151,10,2009,0.932098765432099,0.0617283950617284
"99",2006,48138,1,142,138,3,2010,0.971830985915493,0.0211267605633803
"100",2007,48138,1,179,174,5,2011,0.972067039106145,0.0279329608938547
"101",2008,48138,1,167,164,2,2012,0.982035928143713,0.0119760479041916
"102",2009,48138,1,156,153,4,2013,0.980769230769231,0.0256410256410256
"103",2010,48138,1,164,154,7,2014,0.939024390243902,0.0426829268292683
"104",2011,48138,1,139,137,0,2015,0.985611510791367,0
"105",2003,48141,3,329,213,109,2007,0.64741641337386,0.331306990881459
"106",2004,48141,3,440,256,156,2008,0.581818181818182,0.354545454545455
"107",2005,48141,3,511,312,179,2009,0.610567514677104,0.350293542074364
"108",2006,48141,3,620,375,198,2010,0.604838709677419,0.319354838709677
"109",2007,48141,3,477,294,156,2011,0.616352201257862,0.327044025157233
"110",2008,48141,1,384,278,88,2012,0.723958333333333,0.229166666666667
"111",2009,48141,1,291,209,62,2013,0.718213058419244,0.213058419243986
"112",2010,48141,1,42,5,35,2014,0.119047619047619,0.833333333333333
"113",2011,48141,1,12,0,12,2015,0,1
"114",2003,48146,1,343,278,61,2007,0.810495626822157,0.177842565597668
"115",2004,48146,1,327,255,59,2008,0.779816513761468,0.180428134556575
"116",2005,48146,1,335,250,50,2009,0.746268656716418,0.149253731343284
"117",2006,48146,1,271,224,31,2010,0.826568265682657,0.114391143911439
"118",2007,48146,1,326,252,56,2011,0.773006134969325,0.171779141104294
"119",2008,48146,1,320,263,38,2012,0.821875,0.11875
"120",2009,48146,1,354,281,46,2013,0.793785310734463,0.129943502824859
"121",2010,48146,1,314,254,34,2014,0.808917197452229,0.10828025477707
"122",2011,48146,1,350,279,34,2015,0.797142857142857,0.0971428571428571
"123",2003,48154,1,1558,1434,84,2007,0.920410783055199,0.0539152759948652
"124",2004,48154,1,1540,1425,78,2008,0.925324675324675,0.0506493506493507
"125",2005,48154,1,1540,1401,96,2009,0.90974025974026,0.0623376623376623
"126",2006,48154,1,1589,1429,100,2010,0.899307740717432,0.0629326620516048
"127",2007,48154,1,1512,1352,104,2011,0.894179894179894,0.0687830687830688
"128",2008,48154,1,1440,1297,59,2012,0.900694444444444,0.0409722222222222
"129",2009,48154,1,1467,1347,62,2013,0.918200408997955,0.0422631220177232
"130",2010,48154,1,1343,1230,64,2014,0.915860014892033,0.0476545048399106
"131",2011,48154,1,1325,1212,41,2015,0.914716981132075,0.0309433962264151
"132",2003,48164,1,177,163,13,2007,0.92090395480226,0.0734463276836158
"133",2004,48164,1,205,181,21,2008,0.882926829268293,0.102439024390244
"134",2005,48164,1,225,201,13,2009,0.893333333333333,0.0577777777777778
"135",2006,48164,1,188,161,15,2010,0.856382978723404,0.0797872340425532
"136",2007,48164,1,206,179,18,2011,0.868932038834951,0.087378640776699
"137",2008,48164,1,196,173,11,2012,0.88265306122449,0.0561224489795918
"138",2009,48164,1,203,187,8,2013,0.921182266009852,0.0394088669950739
"139",2010,48164,1,187,168,10,2014,0.898395721925134,0.053475935828877
"140",2011,48164,1,218,193,12,2015,0.885321100917431,0.055045871559633
"141",2003,48167,1,504,474,6,2007,0.94047619047619,0.0119047619047619
"142",2004,48167,1,551,526,6,2008,0.954627949183303,0.0108892921960073
"143",2005,48167,1,583,563,9,2009,0.965694682675815,0.0154373927958834
"144",2006,48167,1,548,525,9,2010,0.958029197080292,0.0164233576642336
"145",2007,48167,1,595,566,6,2011,0.951260504201681,0.0100840336134454
"146",2008,48167,1,511,483,5,2012,0.945205479452055,0.00978473581213307
"147",2009,48167,1,559,531,9,2013,0.949910554561717,0.0161001788908766
"148",2010,48167,1,600,569,8,2014,0.948333333333333,0.0133333333333333
"149",2011,48167,1,557,533,10,2015,0.956912028725314,0.0179533213644524
"150",2003,48170,1,1441,1297,129,2007,0.900069396252602,0.0895211658570437
"151",2004,48170,1,1532,1371,124,2008,0.89490861618799,0.0809399477806789
"152",2005,48170,1,1516,1381,106,2009,0.910949868073879,0.0699208443271768
"153",2006,48170,1,1511,1372,114,2010,0.908007941760424,0.0754467240238253
"154",2007,48170,1,1609,1455,122,2011,0.904288377874456,0.0758234928527035
"155",2008,48170,1,1572,1416,110,2012,0.900763358778626,0.0699745547073791
"156",2009,48170,1,1653,1504,111,2013,0.909860859044162,0.0671506352087114
"157",2010,48170,1,1557,1417,87,2014,0.910083493898523,0.0558766859344894
"158",2011,48170,1,1518,1360,40,2015,0.895915678524374,0.0263504611330698
"159",2003,48174,2,516,402,87,2007,0.779069767441861,0.168604651162791
"160",2004,48174,2,570,435,108,2008,0.763157894736842,0.189473684210526
"161",2005,48174,2,591,450,106,2009,0.761421319796954,0.179357021996616
"162",2006,48174,2,502,395,84,2010,0.786852589641434,0.167330677290837
"163",2007,48174,2,541,403,109,2011,0.744916820702403,0.201478743068392
"164",2008,48174,2,480,395,65,2012,0.822916666666667,0.135416666666667
"165",2009,48174,2,420,334,72,2013,0.795238095238095,0.171428571428571
"166",2010,48174,2,454,377,65,2014,0.830396475770925,0.143171806167401
"167",2011,48174,2,374,301,37,2015,0.804812834224599,0.0989304812834225
"168",2003,48180,1,802,645,152,2007,0.804239401496259,0.189526184538653
"169",2004,48180,1,851,694,142,2008,0.81551116333725,0.166862514688602
"170",2005,48180,2,846,639,166,2009,0.75531914893617,0.196217494089835
"171",2006,48180,2,799,648,114,2010,0.811013767209011,0.142678347934919
"172",2007,48180,2,729,557,120,2011,0.764060356652949,0.164609053497942
"173",2008,48180,2,727,549,144,2012,0.75515818431912,0.198074277854195
"174",2009,48180,2,652,539,81,2013,0.826687116564417,0.124233128834356
"175",2010,48180,2,671,510,107,2014,0.760059612518629,0.15946348733234
"176",2011,48180,2,730,550,72,2015,0.753424657534247,0.0986301369863014
"177",2003,48183,3,859,779,82,2007,0.906868451688009,0.0954598370197905
"178",2004,48183,3,921,848,69,2008,0.920738327904452,0.0749185667752443
"179",2005,48183,3,945,841,84,2009,0.88994708994709,0.0888888888888889
"180",2006,48183,3,959,841,83,2010,0.876955161626695,0.086548488008342
"181",2007,48183,3,898,784,67,2011,0.873051224944321,0.0746102449888641
"182",2008,48183,3,921,816,69,2012,0.885993485342019,0.0749185667752443
"183",2009,48183,3,941,842,81,2013,0.894792773645058,0.0860786397449522
"184",2010,48183,3,861,765,62,2014,0.888501742160279,0.0720092915214866
"185",2011,48183,3,941,814,45,2015,0.865037194473964,0.0478214665249734
"186",2003,48185,1,1079,840,213,2007,0.778498609823911,0.19740500463392
"187",2004,48185,1,1095,860,195,2008,0.785388127853881,0.178082191780822
"188",2005,48185,1,1179,906,229,2009,0.768447837150127,0.194232400339271
"189",2006,48185,1,1130,823,271,2010,0.728318584070796,0.239823008849558
"190",2007,48185,1,1048,794,209,2011,0.75763358778626,0.199427480916031
"191",2008,48185,1,1058,801,224,2012,0.757088846880907,0.2117202268431
"192",2009,48185,1,1006,763,212,2013,0.75844930417495,0.210735586481113
"193",2010,48185,1,1006,782,177,2014,0.777335984095427,0.175944333996024
"194",2011,48185,1,1012,774,129,2015,0.764822134387352,0.127470355731225
"195",2003,48192,1,408,340,32,2007,0.833333333333333,0.0784313725490196
"196",2004,48192,1,370,300,32,2008,0.810810810810811,0.0864864864864865
"197",2005,48192,1,368,299,28,2009,0.8125,0.0760869565217391
"198",2006,48192,1,370,282,33,2010,0.762162162162162,0.0891891891891892
"199",2007,48192,1,353,271,17,2011,0.767705382436261,0.0481586402266289
"200",2008,48192,1,307,255,20,2012,0.830618892508143,0.0651465798045603
"201",2009,48192,1,349,295,18,2013,0.845272206303725,0.0515759312320917
"202",2010,48192,1,371,295,26,2014,0.795148247978437,0.0700808625336927
"203",2011,48192,1,348,276,25,2015,0.793103448275862,0.0718390804597701
"204",2003,48193,1,232,220,12,2007,0.948275862068966,0.0517241379310345
"205",2004,48193,1,231,219,12,2008,0.948051948051948,0.051948051948052
"206",2005,48193,1,227,209,11,2009,0.920704845814978,0.0484581497797357
"207",2006,48193,1,233,209,13,2010,0.896995708154506,0.055793991416309
"208",2007,48193,1,216,201,10,2011,0.930555555555556,0.0462962962962963
"209",2008,48193,1,206,191,10,2012,0.927184466019418,0.0485436893203883
"210",2009,48193,1,234,224,6,2013,0.957264957264957,0.0256410256410256
"211",2010,48193,1,231,224,7,2014,0.96969696969697,0.0303030303030303
"212",2011,48193,1,224,212,10,2015,0.946428571428571,0.0446428571428571
"213",2003,48195,1,859,454,311,2007,0.528521536670547,0.362048894062864
"214",2004,48195,1,955,486,332,2008,0.508900523560209,0.347643979057592
"215",2005,48195,1,953,495,297,2009,0.519412381951731,0.311647429171039
"216",2006,48195,1,941,461,361,2010,0.48990435706695,0.383634431455898
"217",2007,48195,1,895,444,366,2011,0.49608938547486,0.408938547486034
"218",2008,48195,1,869,416,379,2012,0.478711162255466,0.436133486766398
"219",2009,48195,1,765,340,357,2013,0.444444444444444,0.466666666666667
"220",2010,48195,1,684,365,257,2014,0.533625730994152,0.375730994152047
"221",2011,48195,1,583,301,169,2015,0.516295025728988,0.289879931389365
"222",2003,48202,3,9523,6221,3092,2007,0.653260527144807,0.324687598445868
"223",2004,48202,4,9699,6423,2905,2008,0.662233219919579,0.299515413960202
"224",2005,48202,3,8989,5843,2526,2009,0.650016687061965,0.281010123484259
"225",2006,48202,3,8149,5360,2080,2010,0.657749417106393,0.255246042459197
"226",2007,48202,3,7471,4762,1814,2011,0.637397938696292,0.242805514656672
"227",2008,48202,3,6083,4148,1340,2012,0.68190037810291,0.220286043070853
"228",2009,48202,3,4338,3052,981,2013,0.703550023052098,0.226141078838174
"229",2010,48202,4,3615,2822,628,2014,0.780636237897649,0.17372060857538
"230",2011,48202,4,3651,2883,394,2015,0.789646672144618,0.107915639550808
"231",2003,48203,1,739,266,459,2007,0.359945872801083,0.621109607577808
"232",2004,48203,1,751,295,413,2008,0.392809587217044,0.549933422103862
"233",2005,48203,1,584,216,262,2009,0.36986301369863,0.448630136986301
"234",2006,48203,1,383,153,179,2010,0.399477806788512,0.467362924281984
"235",2007,48203,1,305,113,165,2011,0.370491803278689,0.540983606557377
"236",2008,48203,2,194,91,87,2012,0.469072164948454,0.448453608247423
"237",2009,48203,2,132,71,56,2013,0.537878787878788,0.424242424242424
"238",2010,48203,1,54,46,8,2014,0.851851851851852,0.148148148148148
"239",2011,48203,1,73,55,16,2015,0.753424657534247,0.219178082191781
"240",2003,48204,1,20,17,2,2007,0.85,0.1
"241",2004,48204,1,32,2,30,2008,0.0625,0.9375
"242",2005,48204,1,38,36,4,2009,0.947368421052632,0.105263157894737
"243",2006,48204,1,64,56,9,2010,0.875,0.140625
"244",2007,48204,1,51,44,8,2011,0.862745098039216,0.156862745098039
"245",2008,48204,1,49,48,3,2012,0.979591836734694,0.0612244897959184
"246",2009,48204,1,38,32,7,2013,0.842105263157895,0.184210526315789
"247",2010,48204,1,66,57,7,2014,0.863636363636364,0.106060606060606
"248",2011,48204,1,52,37,8,2015,0.711538461538462,0.153846153846154
"249",2003,48207,2,394,188,196,2007,0.477157360406091,0.49746192893401
"250",2004,48207,3,422,205,201,2008,0.485781990521327,0.476303317535545
"251",2005,48207,3,455,197,222,2009,0.432967032967033,0.487912087912088
"252",2006,48207,3,350,148,149,2010,0.422857142857143,0.425714285714286
"253",2007,48207,3,241,139,93,2011,0.576763485477178,0.385892116182573
"254",2008,48207,3,161,129,31,2012,0.801242236024845,0.192546583850932
"255",2009,48207,2,125,99,25,2013,0.792,0.2
"256",2010,48207,2,197,183,9,2014,0.928934010152284,0.0456852791878173
"257",2011,48207,2,163,148,14,2015,0.907975460122699,0.0858895705521472
"258",2003,48208,1,83,15,59,2007,0.180722891566265,0.710843373493976
"259",2004,48208,1,160,23,118,2008,0.14375,0.7375
"260",2005,48208,2,234,48,162,2009,0.205128205128205,0.692307692307692
"261",2006,48208,2,218,49,144,2010,0.224770642201835,0.660550458715596
"262",2007,48208,1,210,54,135,2011,0.257142857142857,0.642857142857143
"263",2008,48208,2,273,64,140,2012,0.234432234432234,0.512820512820513
"264",2009,48208,1,376,74,247,2013,0.196808510638298,0.656914893617021
"265",2010,48208,1,331,68,198,2014,0.205438066465257,0.598187311178248
"266",2011,48208,1,255,14,144,2015,0.0549019607843137,0.564705882352941
"267",2003,48209,1,106,59,48,2007,0.556603773584906,0.452830188679245
"268",2004,48209,1,115,81,35,2008,0.704347826086957,0.304347826086957
"269",2005,48209,1,138,91,48,2009,0.659420289855073,0.347826086956522
"270",2006,48209,1,121,93,28,2010,0.768595041322314,0.231404958677686
"271",2007,48209,2,149,109,26,2011,0.731543624161074,0.174496644295302
"272",2008,48209,2,174,127,33,2012,0.729885057471264,0.189655172413793
"273",2009,48209,2,248,153,71,2013,0.616935483870968,0.286290322580645
"274",2010,48209,2,319,178,96,2014,0.557993730407524,0.300940438871473
"275",2011,48209,2,317,160,88,2015,0.504731861198738,0.277602523659306
"276",2003,48210,4,216,150,67,2007,0.694444444444444,0.310185185185185
"277",2004,48210,3,222,144,78,2008,0.648648648648649,0.351351351351351
"278",2005,48210,4,179,122,58,2009,0.681564245810056,0.324022346368715
"279",2006,48210,4,138,111,25,2010,0.804347826086957,0.181159420289855
"280",2007,48210,2,133,125,9,2011,0.93984962406015,0.0676691729323308
"281",2008,48210,3,151,128,24,2012,0.847682119205298,0.158940397350993
"282",2009,48210,2,149,131,13,2013,0.879194630872483,0.087248322147651
"283",2010,48210,2,164,151,14,2014,0.920731707317073,0.0853658536585366
"284",2011,48210,2,153,126,15,2015,0.823529411764706,0.0980392156862745
"285",2003,48211,1,10,9,1,2007,0.9,0.1
"286",2004,48211,1,16,12,3,2008,0.75,0.1875
"287",2005,48211,1,20,19,1,2009,0.95,0.05
"288",2006,48211,1,29,25,6,2010,0.862068965517241,0.206896551724138
"289",2007,48211,1,25,20,5,2011,0.8,0.2
"290",2008,48211,1,23,22,0,2012,0.956521739130435,0
"291",2009,48211,1,31,26,5,2013,0.838709677419355,0.161290322580645
"292",2010,48211,1,52,46,9,2014,0.884615384615385,0.173076923076923
"293",2011,48211,1,57,49,0,2015,0.859649122807018,0
"294",2003,48212,1,235,161,73,2007,0.685106382978723,0.31063829787234
"295",2004,48212,2,266,174,86,2008,0.654135338345865,0.323308270676692
"296",2005,48212,2,317,201,99,2009,0.634069400630915,0.312302839116719
"297",2006,48212,2,347,236,99,2010,0.680115273775216,0.285302593659942
"298",2007,48212,2,299,209,84,2011,0.698996655518395,0.280936454849498
"299",2008,48212,2,275,192,80,2012,0.698181818181818,0.290909090909091
"300",2009,48212,2,392,262,119,2013,0.668367346938776,0.303571428571429
"301",2010,48212,2,406,302,92,2014,0.74384236453202,0.226600985221675
"302",2011,48212,2,385,306,49,2015,0.794805194805195,0.127272727272727
"303",2003,48214,1,166,50,111,2007,0.301204819277108,0.668674698795181
"304",2004,48214,1,201,42,147,2008,0.208955223880597,0.73134328358209
"305",2005,48214,1,218,56,152,2009,0.256880733944954,0.697247706422018
"306",2006,48214,1,156,37,102,2010,0.237179487179487,0.653846153846154
"307",2007,48214,1,152,27,104,2011,0.177631578947368,0.684210526315789
"308",2008,48214,1,135,26,66,2012,0.192592592592593,0.488888888888889
"309",2009,48214,2,137,12,60,2013,0.0875912408759124,0.437956204379562
"310",2010,48214,2,29,0,17,2014,0,0.586206896551724
"311",2011,48214,2,39,1,17,2015,0.0256410256410256,0.435897435897436
"312",2003,48216,2,166,51,113,2007,0.307228915662651,0.680722891566265
"313",2004,48216,2,228,48,174,2008,0.210526315789474,0.763157894736842
"314",2005,48216,2,206,37,158,2009,0.179611650485437,0.766990291262136
"315",2006,48216,2,210,50,139,2010,0.238095238095238,0.661904761904762
"316",2007,48216,2,190,43,122,2011,0.226315789473684,0.642105263157895
"317",2008,48216,2,188,37,102,2012,0.196808510638298,0.542553191489362
"318",2009,48216,2,152,30,75,2013,0.197368421052632,0.493421052631579
"319",2010,48216,2,61,15,40,2014,0.245901639344262,0.655737704918033
"320",2003,48218,1,136,108,27,2007,0.794117647058823,0.198529411764706
"321",2004,48218,1,116,75,38,2008,0.646551724137931,0.327586206896552
"322",2005,48218,1,124,86,34,2009,0.693548387096774,0.274193548387097
"323",2006,48218,1,90,59,18,2010,0.655555555555556,0.2
"324",2007,48218,1,98,51,34,2011,0.520408163265306,0.346938775510204
"325",2008,48218,1,142,88,42,2012,0.619718309859155,0.295774647887324
"326",2009,48218,1,122,92,23,2013,0.754098360655738,0.188524590163934
"327",2010,48218,1,179,140,30,2014,0.782122905027933,0.167597765363128
"328",2011,48218,1,149,114,24,2015,0.76510067114094,0.161073825503356
"329",2003,48219,2,134,108,27,2007,0.805970149253731,0.201492537313433
"330",2004,48219,2,160,127,35,2008,0.79375,0.21875
"331",2005,48219,2,184,144,32,2009,0.782608695652174,0.173913043478261
"332",2006,48219,2,193,163,26,2010,0.844559585492228,0.134715025906736
"333",2007,48219,1,152,133,12,2011,0.875,0.0789473684210526
"334",2008,48219,1,183,165,17,2012,0.901639344262295,0.092896174863388
"335",2009,48219,1,161,145,14,2013,0.900621118012422,0.0869565217391304
"336",2010,48219,1,177,141,26,2014,0.796610169491525,0.146892655367232
"337",2011,48219,1,203,166,19,2015,0.817733990147783,0.0935960591133005
"338",2003,48220,1,11,3,7,2007,0.272727272727273,0.636363636363636
"339",2004,48220,1,28,6,14,2008,0.214285714285714,0.5
"340",2005,48220,1,57,7,45,2009,0.12280701754386,0.789473684210526
"341",2006,48220,1,60,11,41,2010,0.183333333333333,0.683333333333333
"342",2007,48220,1,47,8,20,2011,0.170212765957447,0.425531914893617
"343",2003,48221,1,20,18,2,2007,0.9,0.1
"344",2004,48221,1,31,21,9,2008,0.67741935483871,0.290322580645161
"345",2005,48221,1,29,19,9,2009,0.655172413793103,0.310344827586207
"346",2006,48221,1,18,13,5,2010,0.722222222222222,0.277777777777778
"347",2007,48221,2,31,17,7,2011,0.548387096774194,0.225806451612903
"348",2008,48221,1,24,17,8,2012,0.708333333333333,0.333333333333333
"349",2009,48221,1,18,13,6,2013,0.722222222222222,0.333333333333333
"350",2003,48223,1,102,89,12,2007,0.872549019607843,0.117647058823529
"351",2004,48223,1,112,103,7,2008,0.919642857142857,0.0625
"352",2005,48223,1,137,109,26,2009,0.795620437956204,0.18978102189781
"353",2006,48223,1,117,95,18,2010,0.811965811965812,0.153846153846154
"354",2007,48223,1,135,112,23,2011,0.82962962962963,0.17037037037037
"355",2008,48223,1,135,112,19,2012,0.82962962962963,0.140740740740741
"356",2009,48223,1,120,107,12,2013,0.891666666666667,0.1
"357",2010,48223,1,111,92,14,2014,0.828828828828829,0.126126126126126
"358",2011,48223,1,105,93,12,2015,0.885714285714286,0.114285714285714
"359",2003,48225,2,134,123,13,2007,0.917910447761194,0.0970149253731343
"360",2004,48225,2,118,106,14,2008,0.898305084745763,0.11864406779661
"361",2005,48225,2,127,113,10,2009,0.889763779527559,0.078740157480315
"362",2006,48225,2,131,114,15,2010,0.870229007633588,0.114503816793893
"363",2007,48225,3,356,303,50,2011,0.851123595505618,0.140449438202247
"364",2008,48225,3,391,318,62,2012,0.813299232736573,0.158567774936061
"365",2009,48225,3,454,307,129,2013,0.676211453744493,0.284140969162996
"366",2010,48225,3,466,305,112,2014,0.65450643776824,0.240343347639485
"367",2011,48225,2,483,280,113,2015,0.579710144927536,0.233954451345756
"368",2010,48226,1,10,0,2,2014,0,0.2
"369",2011,48226,1,12,3,4,2015,0.25,0.333333333333333
"370",2003,48229,1,143,83,59,2007,0.58041958041958,0.412587412587413
"371",2004,48229,1,140,78,57,2008,0.557142857142857,0.407142857142857
"372",2005,48229,1,126,77,47,2009,0.611111111111111,0.373015873015873
"373",2006,48229,1,149,92,51,2010,0.61744966442953,0.342281879194631
"374",2007,48229,1,138,87,52,2011,0.630434782608696,0.376811594202899
"375",2008,48229,1,142,100,35,2012,0.704225352112676,0.246478873239437
"376",2009,48229,1,138,92,43,2013,0.666666666666667,0.311594202898551
"377",2010,48229,1,115,77,28,2014,0.669565217391304,0.243478260869565
"378",2011,48229,1,109,60,26,2015,0.55045871559633,0.238532110091743
"379",2003,48230,1,760,739,19,2007,0.972368421052632,0.025
"380",2004,48230,1,844,813,19,2008,0.963270142180095,0.0225118483412322
"381",2005,48230,1,792,763,17,2009,0.963383838383838,0.0214646464646465
"382",2006,48230,1,771,737,24,2010,0.955901426718547,0.0311284046692607
"383",2007,48230,1,749,715,24,2011,0.954606141522029,0.0320427236315087
"384",2008,48230,1,739,703,16,2012,0.95128552097429,0.0216508795669824
"385",2009,48230,1,733,696,20,2013,0.949522510231924,0.0272851296043656
"386",2010,48230,1,750,714,18,2014,0.952,0.024
"387",2011,48230,1,732,696,8,2015,0.950819672131147,0.0109289617486339
"388",2003,48234,1,74,61,13,2007,0.824324324324324,0.175675675675676
"389",2004,48234,1,68,60,10,2008,0.882352941176471,0.147058823529412
"390",2005,48234,1,88,75,13,2009,0.852272727272727,0.147727272727273
"391",2006,48234,1,45,40,6,2010,0.888888888888889,0.133333333333333
"392",2007,48234,1,45,44,2,2011,0.977777777777778,0.0444444444444444
"393",2008,48234,1,40,36,4,2012,0.9,0.1
"394",2009,48234,1,35,30,6,2013,0.857142857142857,0.171428571428571
"395",2010,48234,1,63,54,10,2014,0.857142857142857,0.158730158730159
"396",2011,48234,1,39,35,3,2015,0.897435897435897,0.0769230769230769
"397",2003,48235,1,32,18,14,2007,0.5625,0.4375
"398",2004,48235,1,33,8,25,2008,0.242424242424242,0.757575757575758
"399",2005,48235,1,82,59,19,2009,0.719512195121951,0.231707317073171
"400",2006,48235,1,71,60,11,2010,0.845070422535211,0.154929577464789
"401",2007,48235,1,72,57,14,2011,0.791666666666667,0.194444444444444
"402",2008,48235,1,95,72,12,2012,0.757894736842105,0.126315789473684
"403",2011,48235,1,94,89,3,2015,0.946808510638298,0.0319148936170213
"404",2003,48239,2,293,239,55,2007,0.815699658703072,0.187713310580205
"405",2004,48239,2,341,276,54,2008,0.809384164222874,0.158357771260997
"406",2005,48239,2,344,287,42,2009,0.834302325581395,0.122093023255814
"407",2006,48239,2,360,297,52,2010,0.825,0.144444444444444
"408",2007,48239,1,251,219,27,2011,0.872509960159363,0.107569721115538
"409",2008,48239,1,279,245,26,2012,0.878136200716846,0.0931899641577061
"410",2009,48239,1,253,231,15,2013,0.91304347826087,0.0592885375494071
"411",2010,48239,1,238,221,13,2014,0.928571428571429,0.0546218487394958
"412",2011,48239,1,251,213,18,2015,0.848605577689243,0.0717131474103586
"413",2003,48240,1,333,256,77,2007,0.768768768768769,0.231231231231231
"414",2004,48240,1,342,254,81,2008,0.742690058479532,0.236842105263158
"415",2005,48240,1,380,279,70,2009,0.734210526315789,0.184210526315789
"416",2006,48240,1,337,269,61,2010,0.798219584569733,0.181008902077151
"417",2007,48240,1,314,237,68,2011,0.754777070063694,0.21656050955414
"418",2008,48240,1,342,226,83,2012,0.660818713450292,0.242690058479532
"419",2009,48240,1,339,221,109,2013,0.651917404129793,0.321533923303835
"420",2010,48240,2,386,244,86,2014,0.632124352331606,0.22279792746114
"421",2011,48240,2,330,168,48,2015,0.509090909090909,0.145454545454545
