,ENROLL_YEAR,SCHOOL_NAME,COHORT_GRAD_YEAR,GRAD_YEAR,NUM_COHORT,NUM_GRADUATES,NUM_DROPOUTS,GRAD_RATE,DROP_RATE,ZIP,LATITUDE,LONGITUDE
1,2003,Academy for Business and Technology,2007,2009,58,42,17,0.724137931,0.293103448,48122,42.2821402,-83.17677605
2,2004,Academy for Business and Technology,2008,2010,80,61,19,0.7625,0.2375,48122,42.2821402,-83.17677605
3,2005,Academy for Business and Technology,2009,2011,66,55,8,0.833333333,0.121212121,48122,42.2821402,-83.17677605
4,2006,Academy for Business and Technology,2010,2012,70,58,11,0.828571429,0.157142857,48122,42.2821402,-83.17677605
5,2007,Academy for Business and Technology,2011,2013,55,48,6,0.872727273,0.109090909,48122,42.2821402,-83.17677605
6,2008,Academy for Business and Technology,2012,2014,73,65,8,0.890410959,0.109589041,48122,42.2821402,-83.17677605
7,2009,Academy for Business and Technology,2013,2015,71,60,11,0.845070423,0.154929577,48122,42.2821402,-83.17677605
8,2010,Academy for Business and Technology,2014,2015,55,47,9,0.854545455,0.163636364,48122,42.2821402,-83.17677605
9,2011,Academy for Business and Technology,2015,2015,61,47,9,0.770491803,0.147540984,48122,42.2821402,-83.17677605
10,2003,Academy of Inkster,2007,2009,35,30,6,0.857142857,0.171428571,48141,42.304184,-83.323013
11,2004,Academy of Inkster,2008,2010,60,51,9,0.85,0.15,48141,42.304184,-83.323013
12,2005,Academy of Inkster,2009,2011,54,51,5,0.944444444,0.092592593,48141,42.304184,-83.323013
13,2006,Academy of Inkster,2010,2012,53,36,12,0.679245283,0.226415094,48141,42.304184,-83.323013
14,2007,Academy of Inkster,2011,2011,11,1,10,0.090909091,0.909090909,48141,42.304184,-83.323013
15,2003,ACE Academy (SDA),2007,2009,11,3,7,0.272727273,0.636363636,48220,42.46067015,-83.13120791
16,2004,ACE Academy (SDA),2008,2010,28,6,14,0.214285714,0.5,48220,42.46067015,-83.13120791
17,2005,ACE Academy (SDA),2009,2011,57,7,45,0.122807018,0.789473684,48220,42.46067015,-83.13120791
18,2006,ACE Academy (SDA),2010,2012,60,11,41,0.183333333,0.683333333,48220,42.46067015,-83.13120791
19,2007,ACE Academy (SDA),2011,2011,47,8,20,0.170212766,0.425531915,48220,42.46067015,-83.13120791
20,2003,Advanced Technology Academy,2007,2009,65,49,17,0.753846154,0.261538462,48126,42.32207206,-83.17628924
21,2004,Advanced Technology Academy,2008,2010,67,63,4,0.940298507,0.059701493,48126,42.32207206,-83.17628924
22,2005,Advanced Technology Academy,2009,2011,71,68,4,0.957746479,0.056338028,48126,42.32207206,-83.17628924
23,2006,Advanced Technology Academy,2010,2012,70,65,6,0.928571429,0.085714286,48126,42.32207206,-83.17628924
24,2007,Advanced Technology Academy,2011,2013,89,82,3,0.921348315,0.033707865,48126,42.32207206,-83.17628924
25,2008,Advanced Technology Academy,2012,2014,103,90,7,0.873786408,0.067961165,48126,42.32207206,-83.17628924
26,2009,Advanced Technology Academy,2013,2015,113,109,4,0.96460177,0.03539823,48126,42.32207206,-83.17628924
27,2010,Advanced Technology Academy,2014,2015,104,95,7,0.913461538,0.067307692,48126,42.32207206,-83.17628924
28,2011,Advanced Technology Academy,2015,2015,90,72,4,0.8,0.044444444,48126,42.32207206,-83.17628924
29,2003,Aisha Shule/WEB Dubois Prep. Academy School,2007,2009,20,18,2,0.9,0.1,48221,42.442139,-83.158508
30,2004,Aisha Shule/WEB Dubois Prep. Academy School,2008,2010,31,21,9,0.677419355,0.290322581,48221,42.442139,-83.158508
31,2005,Aisha Shule/WEB Dubois Prep. Academy School,2009,2011,29,19,9,0.655172414,0.310344828,48221,42.442139,-83.158508
32,2006,Aisha Shule/WEB Dubois Prep. Academy School,2010,2012,18,13,5,0.722222222,0.277777778,48221,42.442139,-83.158508
33,2007,Aisha Shule/WEB Dubois Prep. Academy School,2011,2013,19,17,3,0.894736842,0.157894737,48221,42.442139,-83.158508
34,2008,Aisha Shule/WEB Dubois Prep. Academy School,2012,2014,24,17,8,0.708333333,0.333333333,48221,42.442139,-83.158508
35,2009,Aisha Shule/WEB Dubois Prep. Academy School,2013,2015,18,13,6,0.722222222,0.333333333,48221,42.442139,-83.158508
36,2003,Allen Academy,2007,2009,20,17,2,0.85,0.1,48204,42.33168322,-83.04799903
37,2004,Allen Academy,2008,2010,32,2,30,0.0625,0.9375,48204,42.33168322,-83.04799903
38,2005,Allen Academy,2009,2011,38,36,4,0.947368421,0.105263158,48204,42.33168322,-83.04799903
39,2006,Allen Academy,2010,2012,64,56,9,0.875,0.140625,48204,42.33168322,-83.04799903
40,2007,Allen Academy,2011,2013,51,44,8,0.862745098,0.156862745,48204,42.33168322,-83.04799903
41,2008,Allen Academy,2012,2014,49,48,3,0.979591837,0.06122449,48204,42.33168322,-83.04799903
42,2009,Allen Academy,2013,2015,38,32,7,0.842105263,0.184210526,48204,42.33168322,-83.04799903
43,2010,Allen Academy,2014,2015,66,57,7,0.863636364,0.106060606,48204,42.33168322,-83.04799903
44,2011,Allen Academy,2015,2015,52,37,8,0.711538462,0.153846154,48204,42.33168322,-83.04799903
45,2003,Allen Park Public Schools,2007,2009,343,299,22,0.871720117,0.064139942,48101,42.26392277,-83.2200486
46,2004,Allen Park Public Schools,2008,2010,371,329,23,0.886792453,0.061994609,48101,42.26392277,-83.2200486
47,2005,Allen Park Public Schools,2009,2011,364,319,39,0.876373626,0.107142857,48101,42.26392277,-83.2200486
48,2006,Allen Park Public Schools,2010,2012,333,290,35,0.870870871,0.105105105,48101,42.26392277,-83.2200486
49,2007,Allen Park Public Schools,2011,2013,365,324,37,0.887671233,0.101369863,48101,42.26392277,-83.2200486
50,2008,Allen Park Public Schools,2012,2014,374,325,41,0.868983957,0.109625668,48101,42.26392277,-83.2200486
51,2009,Allen Park Public Schools,2013,2015,314,281,25,0.894904459,0.079617834,48101,42.26392277,-83.2200486
52,2010,Allen Park Public Schools,2014,2015,353,314,34,0.889518414,0.09631728,48101,42.26392277,-83.2200486
53,2011,Allen Park Public Schools,2015,2015,290,255,23,0.879310345,0.079310345,48101,42.26392277,-83.2200486
54,2003,Blanche Kelso Bruce Academy,2007,2009,93,0,90,0,0.967741935,48202,42.33168322,-83.04799903
55,2004,Blanche Kelso Bruce Academy,2008,2010,107,0,101,0,0.943925234,48202,42.33168322,-83.04799903
56,2005,Blanche Kelso Bruce Academy,2009,2011,145,4,114,0.027586207,0.786206897,48202,42.33168322,-83.04799903
57,2006,Blanche Kelso Bruce Academy,2010,2012,134,4,79,0.029850746,0.589552239,48202,42.33168322,-83.04799903
58,2007,Blanche Kelso Bruce Academy,2011,2012,157,7,71,0.044585987,0.452229299,48202,42.33168322,-83.04799903
59,2008,Blanche Kelso Bruce Academy,2012,2012,77,12,22,0.155844156,0.285714286,48202,42.33168322,-83.04799903
60,2003,Casa Richard Academy,2007,2009,40,21,19,0.525,0.475,48216,42.33168322,-83.04799903
61,2004,Casa Richard Academy,2008,2010,40,13,34,0.325,0.85,48216,42.33168322,-83.04799903
62,2005,Casa Richard Academy,2009,2011,38,17,20,0.447368421,0.526315789,48216,42.33168322,-83.04799903
63,2006,Casa Richard Academy,2010,2012,59,35,20,0.593220339,0.338983051,48216,42.33168322,-83.04799903
64,2007,Casa Richard Academy,2011,2013,38,21,15,0.552631579,0.394736842,48216,42.33168322,-83.04799903
65,2008,Casa Richard Academy,2012,2014,41,19,16,0.463414634,0.390243902,48216,42.33168322,-83.04799903
66,2009,Casa Richard Academy,2013,2015,31,20,9,0.64516129,0.290322581,48216,42.33168322,-83.04799903
67,2010,Casa Richard Academy,2014,2015,23,12,8,0.52173913,0.347826087,48216,42.33168322,-83.04799903
68,2003,Cesar Chavez Academy,2007,2009,106,59,48,0.556603774,0.452830189,48209,42.33168322,-83.04799903
69,2004,Cesar Chavez Academy,2008,2010,115,81,35,0.704347826,0.304347826,48209,42.33168322,-83.04799903
70,2005,Cesar Chavez Academy,2009,2011,138,91,48,0.65942029,0.347826087,48209,42.33168322,-83.04799903
71,2006,Cesar Chavez Academy,2010,2012,121,93,28,0.768595041,0.231404959,48209,42.33168322,-83.04799903
72,2007,Cesar Chavez Academy,2011,2013,133,107,22,0.804511278,0.165413534,48209,42.33168322,-83.04799903
73,2008,Cesar Chavez Academy,2012,2014,143,121,19,0.846153846,0.132867133,48209,42.33168322,-83.04799903
74,2009,Cesar Chavez Academy,2013,2015,154,134,17,0.87012987,0.11038961,48209,42.33168322,-83.04799903
75,2010,Cesar Chavez Academy,2014,2015,186,158,20,0.849462366,0.107526882,48209,42.33168322,-83.04799903
76,2011,Cesar Chavez Academy,2015,2015,164,146,13,0.890243902,0.079268293,48209,42.33168322,-83.04799903
77,2007,Chandler Park Academy,2011,2013,160,145,14,0.90625,0.0875,48225,42.43309166,-82.92339787
78,2008,Chandler Park Academy,2012,2014,132,118,15,0.893939394,0.113636364,48225,42.43309166,-82.92339787
79,2009,Chandler Park Academy,2013,2015,146,140,7,0.95890411,0.047945205,48225,42.43309166,-82.92339787
80,2010,Chandler Park Academy,2014,2015,147,146,2,0.993197279,0.013605442,48225,42.43309166,-82.92339787
81,2011,Chandler Park Academy,2015,2015,148,136,9,0.918918919,0.060810811,48225,42.43309166,-82.92339787
82,2003,Charlotte Forten Academy,2007,2009,108,54,54,0.5,0.5,48210,42.33796,-83.136938
83,2004,Charlotte Forten Academy,2008,2010,108,39,68,0.361111111,0.62962963,48210,42.33796,-83.136938
84,2005,Charlotte Forten Academy,2009,2011,56,18,37,0.321428571,0.660714286,48210,42.33796,-83.136938
85,2006,Charlotte Forten Academy,2010,2012,21,2,17,0.095238095,0.80952381,48210,42.33796,-83.136938
86,2003,Cherry Hill School of Performing Arts,2007,2009,61,54,8,0.885245902,0.131147541,48141,42.306236,-83.321655
87,2004,Cherry Hill School of Performing Arts,2008,2010,76,57,18,0.75,0.236842105,48141,42.306236,-83.321655
88,2005,Cherry Hill School of Performing Arts,2009,2011,95,60,30,0.631578947,0.315789474,48141,42.306236,-83.321655
89,2006,Cherry Hill School of Performing Arts,2010,2012,140,93,40,0.664285714,0.285714286,48141,42.306236,-83.321655
90,2007,Cherry Hill School of Performing Arts,2011,2013,33,1,31,0.03030303,0.939393939,48141,42.306236,-83.321655
91,2004,Clara B. Ford Academy (SDA),2008,2010,23,6,13,0.260869565,0.565217391,48127,42.33056222,-83.27747884
92,2005,Clara B. Ford Academy (SDA),2009,2011,41,7,26,0.170731707,0.634146341,48127,42.33056222,-83.27747884
93,2006,Clara B. Ford Academy (SDA),2010,2011,41,0,34,0,0.829268293,48127,42.33056222,-83.27747884
94,2007,Clara B. Ford Academy (SDA),2011,2011,53,3,31,0.056603774,0.58490566,48127,42.33056222,-83.27747884
95,2003,Covenant House Academy Detroit,2007,2009,83,15,59,0.180722892,0.710843373,48208,42.33168322,-83.04799903
96,2004,Covenant House Academy Detroit,2008,2010,160,23,118,0.14375,0.7375,48208,42.33168322,-83.04799903
97,2005,Covenant House Academy Detroit,2009,2011,223,37,162,0.165919283,0.726457399,48208,42.33168322,-83.04799903
98,2006,Covenant House Academy Detroit,2010,2012,208,39,144,0.1875,0.692307692,48208,42.33168322,-83.04799903
99,2007,Covenant House Academy Detroit,2011,2013,210,54,135,0.257142857,0.642857143,48208,42.33168322,-83.04799903
100,2008,Covenant House Academy Detroit,2012,2014,261,55,137,0.210727969,0.524904215,48208,42.33168322,-83.04799903
101,2009,Covenant House Academy Detroit,2013,2015,376,74,247,0.196808511,0.656914894,48208,42.33168322,-83.04799903
102,2010,Covenant House Academy Detroit,2014,2015,331,68,198,0.205438066,0.598187311,48208,42.33168322,-83.04799903
103,2011,Covenant House Academy Detroit,2015,2015,255,14,144,0.054901961,0.564705882,48208,42.33168322,-83.04799903
104,2003,Covenant House Academy East,2007,2009,166,50,111,0.301204819,0.668674699,48214,42.36391,-83.00759
105,2004,Covenant House Academy East,2008,2010,201,42,147,0.208955224,0.731343284,48214,42.36391,-83.00759
106,2005,Covenant House Academy East,2009,2011,218,56,152,0.256880734,0.697247706,48214,42.36391,-83.00759
107,2006,Covenant House Academy East,2010,2012,156,37,102,0.237179487,0.653846154,48214,42.36391,-83.00759
108,2007,Covenant House Academy East,2011,2013,152,27,104,0.177631579,0.684210526,48214,42.36391,-83.00759
109,2008,Covenant House Academy East,2012,2014,135,26,66,0.192592593,0.488888889,48214,42.36391,-83.00759
110,2009,Covenant House Academy East,2013,2015,120,12,52,0.1,0.433333333,48214,42.36391,-83.00759
111,2010,Covenant House Academy East,2014,2015,12,0,12,0,1,48214,42.36391,-83.00759
112,2011,Covenant House Academy East,2015,2015,11,1,10,0.090909091,0.909090909,48214,42.36391,-83.00759
113,2003,Covenant House Academy Southwest,2007,2009,126,30,94,0.238095238,0.746031746,48216,42.320492,-83.085342
114,2004,Covenant House Academy Southwest,2008,2010,188,35,140,0.186170213,0.744680851,48216,42.320492,-83.085342
115,2005,Covenant House Academy Southwest,2009,2011,168,20,138,0.119047619,0.821428571,48216,42.320492,-83.085342
116,2006,Covenant House Academy Southwest,2010,2012,151,15,119,0.099337748,0.78807947,48216,42.320492,-83.085342
117,2007,Covenant House Academy Southwest,2011,2013,152,22,107,0.144736842,0.703947368,48216,42.320492,-83.085342
118,2008,Covenant House Academy Southwest,2012,2014,147,18,86,0.12244898,0.585034014,48216,42.320492,-83.085342
119,2009,Covenant House Academy Southwest,2013,2015,121,10,66,0.082644628,0.545454545,48216,42.320492,-83.085342
120,2010,Covenant House Academy Southwest,2014,2015,38,3,32,0.078947368,0.842105263,48216,42.320492,-83.085342
121,2003,Crestwood School District,2007,2009,265,241,21,0.909433962,0.079245283,48127,42.33056222,-83.27747884
122,2004,Crestwood School District,2008,2010,290,276,12,0.951724138,0.04137931,48127,42.33056222,-83.27747884
123,2005,Crestwood School District,2009,2011,258,233,25,0.903100775,0.096899225,48127,42.33056222,-83.27747884
124,2006,Crestwood School District,2010,2012,323,302,18,0.93498452,0.055727554,48127,42.33056222,-83.27747884
125,2007,Crestwood School District,2011,2013,284,254,18,0.894366197,0.063380282,48127,42.33056222,-83.27747884
126,2008,Crestwood School District,2012,2014,285,266,18,0.933333333,0.063157895,48127,42.33056222,-83.27747884
127,2009,Crestwood School District,2013,2015,295,285,7,0.966101695,0.023728814,48127,42.33056222,-83.27747884
128,2010,Crestwood School District,2014,2015,323,308,10,0.953560372,0.030959752,48127,42.33056222,-83.27747884
129,2011,Crestwood School District,2015,2015,330,311,10,0.942424242,0.03030303,48127,42.33056222,-83.27747884
130,2003,Dearborn City School District,2007,2009,1456,1197,250,0.822115385,0.171703297,48124,42.32207206,-83.17628924
131,2004,Dearborn City School District,2008,2010,1450,1239,196,0.854482759,0.135172414,48124,42.32207206,-83.17628924
132,2005,Dearborn City School District,2009,2011,1475,1226,216,0.831186441,0.146440678,48124,42.32207206,-83.17628924
133,2006,Dearborn City School District,2010,2012,1392,1163,200,0.835488506,0.143678161,48124,42.32207206,-83.17628924
134,2007,Dearborn City School District,2011,2013,1369,1118,196,0.816654492,0.143170197,48124,42.32207206,-83.17628924
135,2008,Dearborn City School District,2012,2014,1397,1210,148,0.866141732,0.105941303,48124,42.32207206,-83.17628924
136,2009,Dearborn City School District,2013,2015,1489,1321,119,0.887172599,0.079919409,48124,42.32207206,-83.17628924
137,2010,Dearborn City School District,2014,2015,1433,1278,110,0.891835311,0.076762038,48124,42.32207206,-83.17628924
138,2011,Dearborn City School District,2015,2015,1383,1244,53,0.899493854,0.038322487,48124,42.32207206,-83.17628924
139,2003,Dearborn Heights School District ,2007,2009,170,141,30,0.829411765,0.176470588,48125,42.27578,-83.239647
140,2004,Dearborn Heights School District ,2008,2010,155,121,33,0.780645161,0.212903226,48125,42.27578,-83.239647
141,2005,Dearborn Heights School District ,2009,2011,161,136,19,0.844720497,0.118012422,48125,42.27578,-83.239647
142,2006,Dearborn Heights School District ,2010,2012,171,148,20,0.865497076,0.116959064,48125,42.27578,-83.239647
143,2007,Dearborn Heights School District ,2011,2013,157,130,24,0.828025478,0.152866242,48125,42.27578,-83.239647
144,2008,Dearborn Heights School District ,2012,2014,193,159,28,0.823834197,0.14507772,48125,42.27578,-83.239647
145,2009,Dearborn Heights School District ,2013,2015,200,149,33,0.745,0.165,48125,42.27578,-83.239647
146,2010,Dearborn Heights School District ,2014,2015,198,154,26,0.777777778,0.131313131,48125,42.27578,-83.239647
147,2011,Dearborn Heights School District ,2015,2015,165,141,9,0.854545455,0.054545455,48125,42.27578,-83.239647
148,2003,Detroit Academy of Arts and Sciences,2007,2009,161,135,27,0.838509317,0.167701863,48207,42.33168322,-83.04799903
149,2004,Detroit Academy of Arts and Sciences,2008,2010,175,152,23,0.868571429,0.131428571,48207,42.33168322,-83.04799903
150,2005,Detroit Academy of Arts and Sciences,2009,2011,194,143,40,0.737113402,0.206185567,48207,42.33168322,-83.04799903
151,2006,Detroit Academy of Arts and Sciences,2010,2012,153,113,37,0.738562092,0.241830065,48207,42.33168322,-83.04799903
152,2007,Detroit Academy of Arts and Sciences,2011,2013,165,121,35,0.733333333,0.212121212,48207,42.33168322,-83.04799903
153,2008,Detroit Academy of Arts and Sciences,2012,2014,20,1,19,0.05,0.95,48207,42.33168322,-83.04799903
154,2003,Detroit City School District,2007,2009,9292,6093,2993,0.655725355,0.322105037,48202,42.33168322,-83.04799903
155,2004,Detroit City School District,2008,2010,9348,6179,2804,0.660997005,0.29995721,48202,42.33168322,-83.04799903
156,2005,Detroit City School District,2009,2011,8709,5714,2407,0.656102882,0.276380756,48202,42.33168322,-83.04799903
157,2006,Detroit City School District,2010,2012,7895,5242,1998,0.663964535,0.253071564,48202,42.33168322,-83.04799903
158,2007,Detroit City School District,2011,2013,7193,4637,1742,0.644654525,0.242179897,48202,42.33168322,-83.04799903
159,2008,Detroit City School District,2012,2014,5877,4015,1310,0.683171686,0.222902842,48202,42.33168322,-83.04799903
160,2009,Detroit City School District,2013,2015,4130,2861,965,0.692736077,0.233656174,48202,42.33168322,-83.04799903
161,2010,Detroit City School District,2014,2015,3309,2546,606,0.769416742,0.183136899,48202,42.33168322,-83.04799903
162,2011,Detroit City School District,2015,2015,3303,2555,379,0.773539207,0.114744172,48202,42.33168322,-83.04799903
163,2003,Detroit Community Schools,2007,2009,102,89,12,0.87254902,0.117647059,48223,42.33168322,-83.04799903
164,2004,Detroit Community Schools,2008,2010,112,103,7,0.919642857,0.0625,48223,42.33168322,-83.04799903
165,2005,Detroit Community Schools,2009,2011,137,109,26,0.795620438,0.189781022,48223,42.33168322,-83.04799903
166,2006,Detroit Community Schools,2010,2012,117,95,18,0.811965812,0.153846154,48223,42.33168322,-83.04799903
167,2007,Detroit Community Schools,2011,2013,135,112,23,0.82962963,0.17037037,48223,42.33168322,-83.04799903
168,2008,Detroit Community Schools,2012,2014,135,112,19,0.82962963,0.140740741,48223,42.33168322,-83.04799903
169,2009,Detroit Community Schools,2013,2015,120,107,12,0.891666667,0.1,48223,42.33168322,-83.04799903
170,2010,Detroit Community Schools,2014,2015,111,92,14,0.828828829,0.126126126,48223,42.33168322,-83.04799903
171,2011,Detroit Community Schools,2015,2015,105,93,12,0.885714286,0.114285714,48223,42.33168322,-83.04799903
172,2010,Detroit Edison Public School Academy,2014,2015,96,92,2,0.958333333,0.020833333,48207,42.33168322,-83.04799903
173,2011,Detroit Edison Public School Academy,2015,2015,85,81,4,0.952941176,0.047058824,48207,42.33168322,-83.04799903
174,2003,Detroit Midtown Academy,2007,2009,32,18,14,0.5625,0.4375,48235,42.438858,-83.196144
175,2004,Detroit Midtown Academy,2008,2010,33,8,25,0.242424242,0.757575758,48235,42.438858,-83.196144
176,2005,Detroit Midtown Academy,2009,2011,82,59,19,0.719512195,0.231707317,48235,42.438858,-83.196144
177,2006,Detroit Midtown Academy,2010,2012,71,60,11,0.845070423,0.154929577,48235,42.438858,-83.196144
178,2007,Detroit Midtown Academy,2011,2013,72,57,14,0.791666667,0.194444444,48235,42.438858,-83.196144
179,2008,Detroit Midtown Academy,2012,2014,95,72,12,0.757894737,0.126315789,48235,42.438858,-83.196144
180,2003,Ecorse Public Schools,2007,2009,143,83,59,0.58041958,0.412587413,48229,42.25544155,-83.13935863
181,2004,Ecorse Public Schools,2008,2010,140,78,57,0.557142857,0.407142857,48229,42.25544155,-83.13935863
182,2005,Ecorse Public Schools,2009,2011,126,77,47,0.611111111,0.373015873,48229,42.25544155,-83.13935863
183,2006,Ecorse Public Schools,2010,2012,149,92,51,0.617449664,0.342281879,48229,42.25544155,-83.13935863
184,2007,Ecorse Public Schools,2011,2013,138,87,52,0.630434783,0.376811594,48229,42.25544155,-83.13935863
185,2008,Ecorse Public Schools,2012,2014,142,100,35,0.704225352,0.246478873,48229,42.25544155,-83.13935863
186,2009,Ecorse Public Schools,2013,2015,138,92,43,0.666666667,0.311594203,48229,42.25544155,-83.13935863
187,2010,Ecorse Public Schools,2014,2015,115,77,28,0.669565217,0.243478261,48229,42.25544155,-83.13935863
188,2011,Ecorse Public Schools,2015,2015,109,60,26,0.550458716,0.23853211,48229,42.25544155,-83.13935863
189,2003,Flat Rock Community Schools,2007,2009,131,122,10,0.93129771,0.076335878,48134,42.09450377,-83.28091778
190,2004,Flat Rock Community Schools,2008,2010,138,113,26,0.81884058,0.188405797,48134,42.09450377,-83.28091778
191,2005,Flat Rock Community Schools,2009,2011,139,108,24,0.776978417,0.172661871,48134,42.09450377,-83.28091778
192,2006,Flat Rock Community Schools,2010,2012,143,118,22,0.825174825,0.153846154,48134,42.09450377,-83.28091778
193,2007,Flat Rock Community Schools,2011,2013,137,119,10,0.868613139,0.072992701,48134,42.09450377,-83.28091778
194,2008,Flat Rock Community Schools,2012,2014,124,112,10,0.903225806,0.080645161,48134,42.09450377,-83.28091778
195,2009,Flat Rock Community Schools,2013,2015,156,141,11,0.903846154,0.070512821,48134,42.09450377,-83.28091778
196,2010,Flat Rock Community Schools,2014,2015,130,114,13,0.876923077,0.1,48134,42.09450377,-83.28091778
197,2011,Flat Rock Community Schools,2015,2015,152,133,8,0.875,0.052631579,48134,42.09450377,-83.28091778
198,2004,Frontier International Academy,2008,2010,25,18,5,0.72,0.2,48212,42.33168322,-83.04799903
199,2005,Frontier International Academy,2009,2011,40,30,6,0.75,0.15,48212,42.33168322,-83.04799903
200,2006,Frontier International Academy,2010,2012,42,42,0,1,0,48212,42.33168322,-83.04799903
201,2007,Frontier International Academy,2011,2013,49,46,3,0.93877551,0.06122449,48212,42.33168322,-83.04799903
202,2008,Frontier International Academy,2012,2014,53,51,3,0.962264151,0.056603774,48212,42.33168322,-83.04799903
203,2009,Frontier International Academy,2013,2015,74,72,2,0.972972973,0.027027027,48212,42.33168322,-83.04799903
204,2010,Frontier International Academy,2014,2015,88,87,2,0.988636364,0.022727273,48212,42.33168322,-83.04799903
205,2011,Frontier International Academy,2015,2015,98,98,0,1,0,48212,42.33168322,-83.04799903
206,2003,Garden City Public Schools,2007,2009,561,365,168,0.650623886,0.299465241,48135,42.32977171,-83.33110839
207,2004,Garden City Public Schools,2008,2010,571,390,149,0.683012259,0.260945709,48135,42.32977171,-83.33110839
208,2005,Garden City Public Schools,2009,2011,592,412,155,0.695945946,0.261824324,48135,42.32977171,-83.33110839
209,2006,Garden City Public Schools,2010,2012,608,398,161,0.654605263,0.264802632,48135,42.32977171,-83.33110839
210,2007,Garden City Public Schools,2011,2013,570,423,128,0.742105263,0.224561404,48135,42.32977171,-83.33110839
211,2008,Garden City Public Schools,2012,2014,608,468,117,0.769736842,0.192434211,48135,42.32977171,-83.33110839
212,2009,Garden City Public Schools,2013,2015,627,468,130,0.746411483,0.207336523,48135,42.32977171,-83.33110839
213,2010,Garden City Public Schools,2014,2015,548,399,109,0.72810219,0.198905109,48135,42.32977171,-83.33110839
214,2011,Garden City Public Schools,2015,2015,477,352,43,0.737945493,0.090146751,48135,42.32977171,-83.33110839
215,2005,George Crockett Academy,2009,2011,11,11,0,1,0,48208,42.33168322,-83.04799903
216,2006,George Crockett Academy,2010,2012,10,10,0,1,0,48208,42.33168322,-83.04799903
217,2008,George Crockett Academy,2012,2014,12,9,3,0.75,0.25,48208,42.33168322,-83.04799903
218,2003,Gibraltar School District,2007,2009,228,204,25,0.894736842,0.109649123,48183,42.1384909,-83.24478661
219,2004,Gibraltar School District,2008,2010,267,248,20,0.928838951,0.074906367,48183,42.1384909,-83.24478661
220,2005,Gibraltar School District,2009,2011,302,272,22,0.900662252,0.072847682,48183,42.1384909,-83.24478661
221,2006,Gibraltar School District,2010,2012,277,245,20,0.884476534,0.072202166,48183,42.1384909,-83.24478661
222,2007,Gibraltar School District,2011,2013,239,207,24,0.866108787,0.10041841,48183,42.1384909,-83.24478661
223,2008,Gibraltar School District,2012,2014,295,270,15,0.915254237,0.050847458,48183,42.1384909,-83.24478661
224,2009,Gibraltar School District,2013,2015,291,260,26,0.89347079,0.089347079,48183,42.1384909,-83.24478661
225,2010,Gibraltar School District,2014,2015,287,259,20,0.902439024,0.069686411,48183,42.1384909,-83.24478661
226,2011,Gibraltar School District,2015,2015,312,271,12,0.868589744,0.038461538,48183,42.1384909,-83.24478661
227,2003,Grosse Ile Township Schools,2007,2009,196,193,3,0.984693878,0.015306122,48138,42.13053221,-83.15392722
228,2004,Grosse Ile Township Schools,2008,2010,183,179,5,0.978142077,0.027322404,48138,42.13053221,-83.15392722
229,2005,Grosse Ile Township Schools,2009,2011,162,151,10,0.932098765,0.061728395,48138,42.13053221,-83.15392722
230,2006,Grosse Ile Township Schools,2010,2012,142,138,3,0.971830986,0.021126761,48138,42.13053221,-83.15392722
231,2007,Grosse Ile Township Schools,2011,2013,179,174,5,0.972067039,0.027932961,48138,42.13053221,-83.15392722
232,2008,Grosse Ile Township Schools,2012,2014,167,164,2,0.982035928,0.011976048,48138,42.13053221,-83.15392722
233,2009,Grosse Ile Township Schools,2013,2015,156,153,4,0.980769231,0.025641026,48138,42.13053221,-83.15392722
234,2010,Grosse Ile Township Schools,2014,2015,164,154,7,0.93902439,0.042682927,48138,42.13053221,-83.15392722
235,2011,Grosse Ile Township Schools,2015,2015,139,137,0,0.985611511,0,48138,42.13053221,-83.15392722
236,2003,Grosse Pointe Public Schools,2007,2009,760,739,19,0.972368421,0.025,48230,42.38641145,-82.91117847
237,2004,Grosse Pointe Public Schools,2008,2010,844,813,19,0.963270142,0.022511848,48230,42.38641145,-82.91117847
238,2005,Grosse Pointe Public Schools,2009,2011,792,763,17,0.963383838,0.021464646,48230,42.38641145,-82.91117847
239,2006,Grosse Pointe Public Schools,2010,2012,771,737,24,0.955901427,0.031128405,48230,42.38641145,-82.91117847
240,2007,Grosse Pointe Public Schools,2011,2013,749,715,24,0.954606142,0.032042724,48230,42.38641145,-82.91117847
241,2008,Grosse Pointe Public Schools,2012,2014,739,703,16,0.951285521,0.02165088,48230,42.38641145,-82.91117847
242,2009,Grosse Pointe Public Schools,2013,2015,733,696,20,0.94952251,0.02728513,48230,42.38641145,-82.91117847
243,2010,Grosse Pointe Public Schools,2014,2015,750,714,18,0.952,0.024,48230,42.38641145,-82.91117847
244,2011,Grosse Pointe Public Schools,2015,2015,732,696,8,0.950819672,0.010928962,48230,42.38641145,-82.91117847
245,2003,"Hamtramck, School District of the City of",2007,2009,235,161,73,0.685106383,0.310638298,48212,42.39941241,-83.05172827
246,2004,"Hamtramck, School District of the City of",2008,2010,241,156,81,0.647302905,0.336099585,48212,42.39941241,-83.05172827
247,2005,"Hamtramck, School District of the City of",2009,2011,277,171,93,0.61732852,0.335740072,48212,42.39941241,-83.05172827
248,2006,"Hamtramck, School District of the City of",2010,2012,305,194,99,0.636065574,0.324590164,48212,42.39941241,-83.05172827
249,2007,"Hamtramck, School District of the City of",2011,2013,250,163,81,0.652,0.324,48212,42.39941241,-83.05172827
250,2008,"Hamtramck, School District of the City of",2012,2014,222,141,77,0.635135135,0.346846847,48212,42.39941241,-83.05172827
251,2009,"Hamtramck, School District of the City of",2013,2015,318,190,117,0.597484277,0.367924528,48212,42.39941241,-83.05172827
252,2010,"Hamtramck, School District of the City of",2014,2015,318,215,90,0.676100629,0.283018868,48212,42.39941241,-83.05172827
253,2011,"Hamtramck, School District of the City of",2015,2015,287,208,49,0.724738676,0.170731707,48212,42.39941241,-83.05172827
254,2003,"Harper Woods, The School District of the City of",2007,2009,91,83,9,0.912087912,0.098901099,48225,42.43309166,-82.92339787
255,2004,"Harper Woods, The School District of the City of",2008,2010,92,81,12,0.880434783,0.130434783,48225,42.43309166,-82.92339787
256,2005,"Harper Woods, The School District of the City of",2009,2011,96,86,6,0.895833333,0.0625,48225,42.43309166,-82.92339787
257,2006,"Harper Woods, The School District of the City of",2010,2012,98,84,12,0.857142857,0.12244898,48225,42.43309166,-82.92339787
258,2007,"Harper Woods, The School District of the City of",2011,2013,151,124,26,0.821192053,0.17218543,48225,42.43309166,-82.92339787
259,2008,"Harper Woods, The School District of the City of",2012,2014,211,158,41,0.748815166,0.194312796,48225,42.43309166,-82.92339787
260,2009,"Harper Woods, The School District of the City of",2013,2015,282,144,118,0.510638298,0.418439716,48225,42.43309166,-82.92339787
261,2010,"Harper Woods, The School District of the City of",2014,2015,301,145,108,0.481727575,0.358803987,48225,42.43309166,-82.92339787
262,2011,"Harper Woods, The School District of the City of",2015,2015,335,144,104,0.429850746,0.310447761,48225,42.43309166,-82.92339787
263,2003,HEART Academy,2007,2009,43,40,4,0.930232558,0.093023256,48225,42.43309166,-82.92339787
264,2004,HEART Academy,2008,2010,26,25,2,0.961538462,0.076923077,48225,42.43309166,-82.92339787
265,2005,HEART Academy,2009,2011,31,27,4,0.870967742,0.129032258,48225,42.43309166,-82.92339787
266,2006,HEART Academy,2010,2012,33,30,3,0.909090909,0.090909091,48225,42.43309166,-82.92339787
267,2007,HEART Academy,2011,2013,45,34,10,0.755555556,0.222222222,48225,42.43309166,-82.92339787
268,2008,HEART Academy,2012,2014,48,42,6,0.875,0.125,48225,42.43309166,-82.92339787
269,2009,HEART Academy,2013,2015,26,23,4,0.884615385,0.153846154,48225,42.43309166,-82.92339787
270,2010,HEART Academy,2014,2015,18,14,2,0.777777778,0.111111111,48225,42.43309166,-82.92339787
271,2003,Henry Ford Academy,2007,2009,109,104,6,0.95412844,0.055045872,48120,42.32207206,-83.17628924
272,2004,Henry Ford Academy,2008,2010,116,112,5,0.965517241,0.043103448,48120,42.32207206,-83.17628924
273,2005,Henry Ford Academy,2009,2011,106,99,6,0.933962264,0.056603774,48120,42.32207206,-83.17628924
274,2006,Henry Ford Academy,2010,2012,118,105,13,0.889830508,0.110169492,48120,42.32207206,-83.17628924
275,2007,Henry Ford Academy,2011,2013,108,90,14,0.833333333,0.12962963,48120,42.32207206,-83.17628924
276,2008,Henry Ford Academy,2012,2014,106,98,4,0.924528302,0.037735849,48120,42.32207206,-83.17628924
277,2009,Henry Ford Academy,2013,2015,122,117,2,0.959016393,0.016393443,48120,42.32207206,-83.17628924
278,2010,Henry Ford Academy,2014,2015,112,106,5,0.946428571,0.044642857,48120,42.32207206,-83.17628924
279,2011,Henry Ford Academy,2015,2015,100,93,3,0.93,0.03,48120,42.32207206,-83.17628924
280,2009,Henry Ford Academy: School for Creative Studies (PSAD),2013,2015,87,75,12,0.862068966,0.137931034,48202,42.33168322,-83.04799903
281,2010,Henry Ford Academy: School for Creative Studies (PSAD),2014,2015,88,78,9,0.886363636,0.102272727,48202,42.33168322,-83.04799903
282,2011,Henry Ford Academy: School for Creative Studies (PSAD),2015,2015,105,101,1,0.961904762,0.00952381,48202,42.33168322,-83.04799903
283,2003,Highland Park City Schools,2007,2009,739,266,459,0.359945873,0.621109608,48203,42.40580348,-83.0960191
284,2004,Highland Park City Schools,2008,2010,751,295,413,0.392809587,0.549933422,48203,42.40580348,-83.0960191
285,2005,Highland Park City Schools,2009,2011,584,216,262,0.369863014,0.448630137,48203,42.40580348,-83.0960191
286,2006,Highland Park City Schools,2010,2012,383,153,179,0.399477807,0.467362924,48203,42.40580348,-83.0960191
287,2007,Highland Park City Schools,2011,2013,305,113,165,0.370491803,0.540983607,48203,42.40580348,-83.0960191
288,2008,Highland Park City Schools,2012,2014,175,84,76,0.48,0.434285714,48203,42.40580348,-83.0960191
289,2009,Highland Park City Schools,2013,2015,37,3,34,0.081081081,0.918918919,48203,42.40580348,-83.0960191
290,2008,Highland Park Public School Academy System,2012,2014,19,7,11,0.368421053,0.578947368,48203,42.41394,-83.098381
291,2009,Highland Park Public School Academy System,2013,2015,95,68,22,0.715789474,0.231578947,48203,42.41394,-83.098381
292,2010,Highland Park Public School Academy System,2014,2015,54,46,8,0.851851852,0.148148148,48203,42.41394,-83.098381
293,2011,Highland Park Public School Academy System,2015,2015,73,55,16,0.753424658,0.219178082,48203,42.41394,-83.098381
294,2003,Hope of Detroit Academy,2007,2009,12,9,3,0.75,0.25,48210,42.33168322,-83.04799903
295,2005,Hope of Detroit Academy,2009,2011,17,13,5,0.764705882,0.294117647,48210,42.33168322,-83.04799903
296,2006,Hope of Detroit Academy,2010,2012,11,10,1,0.909090909,0.090909091,48210,42.33168322,-83.04799903
297,2008,Hope of Detroit Academy,2012,2014,14,11,4,0.785714286,0.285714286,48210,42.33168322,-83.04799903
298,2003,Huron School District,2007,2009,177,163,13,0.920903955,0.073446328,48164,42.16533247,-83.40071783
299,2004,Huron School District,2008,2010,205,181,21,0.882926829,0.102439024,48164,42.16533247,-83.40071783
300,2005,Huron School District,2009,2011,225,201,13,0.893333333,0.057777778,48164,42.16533247,-83.40071783
301,2006,Huron School District,2010,2012,188,161,15,0.856382979,0.079787234,48164,42.16533247,-83.40071783
302,2007,Huron School District,2011,2013,206,179,18,0.868932039,0.087378641,48164,42.16533247,-83.40071783
303,2008,Huron School District,2012,2014,196,173,11,0.882653061,0.056122449,48164,42.16533247,-83.40071783
304,2009,Huron School District,2013,2015,203,187,8,0.921182266,0.039408867,48164,42.16533247,-83.40071783
305,2010,Huron School District,2014,2015,187,168,10,0.898395722,0.053475936,48164,42.16533247,-83.40071783
306,2011,Huron School District,2015,2015,218,193,12,0.885321101,0.055045872,48164,42.16533247,-83.40071783
307,2011,Jalen Rose Leadership Academy,2015,2015,94,89,3,0.946808511,0.031914894,48235,42.33168322,-83.04799903
308,2003,Life Skills Center of Metropolitan Detroit,2007,2009,233,53,169,0.227467811,0.725321888,48207,42.34,-83.017227
309,2004,Life Skills Center of Metropolitan Detroit,2008,2010,229,38,174,0.165938865,0.759825328,48207,42.34,-83.017227
310,2005,Life Skills Center of Metropolitan Detroit,2009,2011,239,39,174,0.163179916,0.728033473,48207,42.34,-83.017227
311,2006,Life Skills Center of Metropolitan Detroit,2010,2012,173,12,110,0.069364162,0.63583815,48207,42.34,-83.017227
312,2007,Life Skills Center of Metropolitan Detroit,2011,2013,56,3,53,0.053571429,0.946428571,48207,42.34,-83.017227
313,2009,Life Skills Center of Metropolitan Detroit,2013,2015,11,0,11,0,1,48207,42.34,-83.017227
314,2003,"Lincoln Park, School District of the City of",2007,2009,343,278,61,0.810495627,0.177842566,48146,42.25147114,-83.18185853
315,2004,"Lincoln Park, School District of the City of",2008,2010,327,255,59,0.779816514,0.180428135,48146,42.25147114,-83.18185853
316,2005,"Lincoln Park, School District of the City of",2009,2011,335,250,50,0.746268657,0.149253731,48146,42.25147114,-83.18185853
317,2006,"Lincoln Park, School District of the City of",2010,2012,271,224,31,0.826568266,0.114391144,48146,42.25147114,-83.18185853
318,2007,"Lincoln Park, School District of the City of",2011,2013,326,252,56,0.773006135,0.171779141,48146,42.25147114,-83.18185853
319,2008,"Lincoln Park, School District of the City of",2012,2014,320,263,38,0.821875,0.11875,48146,42.25147114,-83.18185853
320,2009,"Lincoln Park, School District of the City of",2013,2015,354,281,46,0.793785311,0.129943503,48146,42.25147114,-83.18185853
321,2010,"Lincoln Park, School District of the City of",2014,2015,314,254,34,0.808917197,0.108280255,48146,42.25147114,-83.18185853
322,2011,"Lincoln Park, School District of the City of",2015,2015,350,279,34,0.797142857,0.097142857,48146,42.25147114,-83.18185853
323,2003,Livonia Public Schools School District,2007,2009,1558,1434,84,0.920410783,0.053915276,48154,42.39686224,-83.36958876
324,2004,Livonia Public Schools School District,2008,2010,1540,1425,78,0.925324675,0.050649351,48154,42.39686224,-83.36958876
325,2005,Livonia Public Schools School District,2009,2011,1540,1401,96,0.90974026,0.062337662,48154,42.39686224,-83.36958876
326,2006,Livonia Public Schools School District,2010,2012,1589,1429,100,0.899307741,0.062932662,48154,42.39686224,-83.36958876
327,2007,Livonia Public Schools School District,2011,2013,1512,1352,104,0.894179894,0.068783069,48154,42.39686224,-83.36958876
328,2008,Livonia Public Schools School District,2012,2014,1440,1297,59,0.900694444,0.040972222,48154,42.39686224,-83.36958876
329,2009,Livonia Public Schools School District,2013,2015,1467,1347,62,0.918200409,0.042263122,48154,42.39686224,-83.36958876
330,2010,Livonia Public Schools School District,2014,2015,1343,1230,64,0.915860015,0.047654505,48154,42.39686224,-83.36958876
331,2011,Livonia Public Schools School District,2015,2015,1325,1212,41,0.914716981,0.030943396,48154,42.39686224,-83.36958876
332,2003,Marvin L. Winans Academy of Performing Arts,2007,2009,74,61,13,0.824324324,0.175675676,48234,42.33168322,-83.04799903
333,2004,Marvin L. Winans Academy of Performing Arts,2008,2010,68,60,10,0.882352941,0.147058824,48234,42.33168322,-83.04799903
334,2005,Marvin L. Winans Academy of Performing Arts,2009,2011,88,75,13,0.852272727,0.147727273,48234,42.33168322,-83.04799903
335,2006,Marvin L. Winans Academy of Performing Arts,2010,2012,45,40,6,0.888888889,0.133333333,48234,42.33168322,-83.04799903
336,2007,Marvin L. Winans Academy of Performing Arts,2011,2013,45,44,2,0.977777778,0.044444444,48234,42.33168322,-83.04799903
337,2008,Marvin L. Winans Academy of Performing Arts,2012,2014,40,36,4,0.9,0.1,48234,42.33168322,-83.04799903
338,2009,Marvin L. Winans Academy of Performing Arts,2013,2015,35,30,6,0.857142857,0.171428571,48234,42.33168322,-83.04799903
339,2010,Marvin L. Winans Academy of Performing Arts,2014,2015,63,54,10,0.857142857,0.158730159,48234,42.33168322,-83.04799903
340,2011,Marvin L. Winans Academy of Performing Arts,2015,2015,39,35,3,0.897435897,0.076923077,48234,42.33168322,-83.04799903
341,2007,McGivney Academy (SDA),2011,2011,12,0,4,0,0.333333333,48221,42.415077,-83.158943
342,2003,Melvindale-North Allen Park Schools,2007,2009,181,157,25,0.867403315,0.138121547,48122,42.2821402,-83.17677605
343,2004,Melvindale-North Allen Park Schools,2008,2010,195,167,29,0.856410256,0.148717949,48122,42.2821402,-83.17677605
344,2005,Melvindale-North Allen Park Schools,2009,2011,187,164,23,0.877005348,0.122994652,48122,42.2821402,-83.17677605
345,2006,Melvindale-North Allen Park Schools,2010,2012,198,174,21,0.878787879,0.106060606,48122,42.2821402,-83.17677605
346,2007,Melvindale-North Allen Park Schools,2011,2013,203,185,10,0.911330049,0.049261084,48122,42.2821402,-83.17677605
347,2008,Melvindale-North Allen Park Schools,2012,2014,203,189,12,0.931034483,0.0591133,48122,42.2821402,-83.17677605
348,2009,Melvindale-North Allen Park Schools,2013,2015,200,191,4,0.955,0.02,48122,42.2821402,-83.17677605
349,2010,Melvindale-North Allen Park Schools,2014,2015,219,210,7,0.95890411,0.03196347,48122,42.2821402,-83.17677605
350,2011,Melvindale-North Allen Park Schools,2015,2015,189,183,4,0.968253968,0.021164021,48122,42.2821402,-83.17677605
351,2003,Michigan Health Academy,2007,2009,28,21,8,0.75,0.285714286,48072,42.489674,-83.15995
352,2004,Michigan Health Academy,2008,2010,39,32,8,0.820512821,0.205128205,48072,42.489674,-83.15995
353,2005,Michigan Health Academy,2009,2011,40,33,6,0.825,0.15,48072,42.489674,-83.15995
354,2006,Michigan Health Academy,2010,2012,39,32,8,0.820512821,0.205128205,48072,42.489674,-83.15995
355,2007,Michigan Health Academy,2011,2013,53,48,5,0.905660377,0.094339623,48072,42.489674,-83.15995
356,2003,Michigan Technical Academy,2007,2009,66,32,35,0.484848485,0.53030303,48239,42.39849239,-83.29583919
357,2004,Michigan Technical Academy,2008,2010,79,54,26,0.683544304,0.329113924,48239,42.39849239,-83.29583919
358,2005,Michigan Technical Academy,2009,2011,73,53,14,0.726027397,0.191780822,48239,42.39849239,-83.29583919
359,2006,Michigan Technical Academy,2010,2012,92,68,23,0.739130435,0.25,48239,42.39849239,-83.29583919
360,2003,Northville Public Schools,2007,2009,504,474,6,0.94047619,0.011904762,48167,42.43099257,-83.48480654
361,2004,Northville Public Schools,2008,2010,551,526,6,0.954627949,0.010889292,48167,42.43099257,-83.48480654
362,2005,Northville Public Schools,2009,2011,583,563,9,0.965694683,0.015437393,48167,42.43099257,-83.48480654
363,2006,Northville Public Schools,2010,2012,548,525,9,0.958029197,0.016423358,48167,42.43099257,-83.48480654
364,2007,Northville Public Schools,2011,2013,595,566,6,0.951260504,0.010084034,48167,42.43099257,-83.48480654
365,2008,Northville Public Schools,2012,2014,511,483,5,0.945205479,0.009784736,48167,42.43099257,-83.48480654
366,2009,Northville Public Schools,2013,2015,559,531,9,0.949910555,0.016100179,48167,42.43099257,-83.48480654
367,2010,Northville Public Schools,2014,2015,600,569,8,0.948333333,0.013333333,48167,42.43099257,-83.48480654
368,2011,Northville Public Schools,2015,2015,557,533,10,0.956912029,0.017953321,48167,42.43099257,-83.48480654
369,2003,Oakland International Academy,2007,2009,10,9,1,0.9,0.1,48211,42.33168322,-83.04799903
370,2004,Oakland International Academy,2008,2010,16,12,3,0.75,0.1875,48211,42.33168322,-83.04799903
371,2005,Oakland International Academy,2009,2011,20,19,1,0.95,0.05,48211,42.33168322,-83.04799903
372,2006,Oakland International Academy,2010,2012,29,25,6,0.862068966,0.206896552,48211,42.33168322,-83.04799903
373,2007,Oakland International Academy,2011,2013,25,20,5,0.8,0.2,48211,42.33168322,-83.04799903
374,2008,Oakland International Academy,2012,2014,23,22,0,0.956521739,0,48211,42.33168322,-83.04799903
375,2009,Oakland International Academy,2013,2015,31,26,5,0.838709677,0.161290323,48211,42.33168322,-83.04799903
376,2010,Oakland International Academy,2014,2015,52,46,9,0.884615385,0.173076923,48211,42.33168322,-83.04799903
377,2011,Oakland International Academy,2015,2015,57,49,0,0.859649123,0,48211,42.33168322,-83.04799903
378,2003,Old Redford Academy,2007,2009,71,62,10,0.873239437,0.14084507,48219,42.33168322,-83.04799903
379,2004,Old Redford Academy,2008,2010,99,85,15,0.858585859,0.151515152,48219,42.33168322,-83.04799903
380,2005,Old Redford Academy,2009,2011,124,98,24,0.790322581,0.193548387,48219,42.33168322,-83.04799903
381,2006,Old Redford Academy,2010,2012,135,116,14,0.859259259,0.103703704,48219,42.33168322,-83.04799903
382,2007,Old Redford Academy,2011,2013,152,133,12,0.875,0.078947368,48219,42.33168322,-83.04799903
383,2008,Old Redford Academy,2012,2014,183,165,17,0.901639344,0.092896175,48219,42.33168322,-83.04799903
384,2009,Old Redford Academy,2013,2015,161,145,14,0.900621118,0.086956522,48219,42.33168322,-83.04799903
385,2010,Old Redford Academy,2014,2015,177,141,26,0.796610169,0.146892655,48219,42.33168322,-83.04799903
386,2011,Old Redford Academy,2015,2015,203,166,19,0.81773399,0.093596059,48219,42.33168322,-83.04799903
387,2009,Pathways Academy,2013,2015,17,0,8,0,0.470588235,48214,42.366596,-82.970856
388,2010,Pathways Academy,2014,2015,17,0,5,0,0.294117647,48214,42.366596,-82.970856
389,2011,Pathways Academy,2015,2015,28,0,7,0,0.25,48214,42.366596,-82.970856
390,2003,Plymouth-Canton Community Schools,2007,2009,1441,1297,129,0.900069396,0.089521166,48170,42.37245026,-83.46747787
391,2004,Plymouth-Canton Community Schools,2008,2010,1532,1371,124,0.894908616,0.080939948,48170,42.37245026,-83.46747787
392,2005,Plymouth-Canton Community Schools,2009,2011,1516,1381,106,0.910949868,0.069920844,48170,42.37245026,-83.46747787
393,2006,Plymouth-Canton Community Schools,2010,2012,1511,1372,114,0.908007942,0.075446724,48170,42.37245026,-83.46747787
394,2007,Plymouth-Canton Community Schools,2011,2013,1609,1455,122,0.904288378,0.075823493,48170,42.37245026,-83.46747787
395,2008,Plymouth-Canton Community Schools,2012,2014,1572,1416,110,0.900763359,0.069974555,48170,42.37245026,-83.46747787
396,2009,Plymouth-Canton Community Schools,2013,2015,1653,1504,111,0.909860859,0.067150635,48170,42.37245026,-83.46747787
397,2010,Plymouth-Canton Community Schools,2014,2015,1557,1417,87,0.910083494,0.055876686,48170,42.37245026,-83.46747787
398,2011,Plymouth-Canton Community Schools,2015,2015,1518,1360,40,0.895915679,0.026350461,48170,42.37245026,-83.46747787
399,2008,Plymouth Educational Center Charter School,2012,2014,118,112,5,0.949152542,0.042372881,48207,42.33168322,-83.04799903
400,2009,Plymouth Educational Center Charter School,2013,2015,114,99,14,0.868421053,0.122807018,48207,42.33168322,-83.04799903
401,2010,Plymouth Educational Center Charter School,2014,2015,101,91,7,0.900990099,0.069306931,48207,42.33168322,-83.04799903
402,2011,Plymouth Educational Center Charter School,2015,2015,78,67,10,0.858974359,0.128205128,48207,42.33168322,-83.04799903
403,2003,"Redford Union Schools, District No. ",2007,2009,333,256,77,0.768768769,0.231231231,48240,42.420227,-83.289063
404,2004,"Redford Union Schools, District No. ",2008,2010,342,254,81,0.742690058,0.236842105,48240,42.420227,-83.289063
405,2005,"Redford Union Schools, District No. ",2009,2011,380,279,70,0.734210526,0.184210526,48240,42.420227,-83.289063
406,2006,"Redford Union Schools, District No. ",2010,2012,337,269,61,0.798219585,0.181008902,48240,42.420227,-83.289063
407,2007,"Redford Union Schools, District No. ",2011,2013,314,237,68,0.75477707,0.21656051,48240,42.420227,-83.289063
408,2008,"Redford Union Schools, District No. ",2012,2014,342,226,83,0.660818713,0.242690058,48240,42.420227,-83.289063
409,2009,"Redford Union Schools, District No. ",2013,2015,339,221,109,0.651917404,0.321533923,48240,42.420227,-83.289063
410,2010,"Redford Union Schools, District No. ",2014,2015,374,243,83,0.64973262,0.221925134,48240,42.420227,-83.289063
411,2011,"Redford Union Schools, District No. ",2015,2015,311,164,44,0.52733119,0.1414791,48240,42.420227,-83.289063
412,2010,Regents Academy,2014,2015,12,1,3,0.083333333,0.25,48240,42.420227,-83.289063
413,2011,Regents Academy,2015,2015,19,4,4,0.210526316,0.210526316,48240,42.420227,-83.289063
414,2003,"River Rouge, School District of the City of",2007,2009,136,108,27,0.794117647,0.198529412,48218,42.27267196,-83.13449946
415,2004,"River Rouge, School District of the City of",2008,2010,116,75,38,0.646551724,0.327586207,48218,42.27267196,-83.13449946
416,2005,"River Rouge, School District of the City of",2009,2011,124,86,34,0.693548387,0.274193548,48218,42.27267196,-83.13449946
417,2006,"River Rouge, School District of the City of",2010,2012,90,59,18,0.655555556,0.2,48218,42.27267196,-83.13449946
418,2007,"River Rouge, School District of the City of",2011,2013,98,51,34,0.520408163,0.346938776,48218,42.27267196,-83.13449946
419,2008,"River Rouge, School District of the City of",2012,2014,142,88,42,0.61971831,0.295774648,48218,42.27267196,-83.13449946
420,2009,"River Rouge, School District of the City of",2013,2015,122,92,23,0.754098361,0.18852459,48218,42.27267196,-83.13449946
421,2010,"River Rouge, School District of the City of",2014,2015,179,140,30,0.782122905,0.167597765,48218,42.27267196,-83.13449946
422,2011,"River Rouge, School District of the City of",2015,2015,149,114,24,0.765100671,0.161073826,48218,42.27267196,-83.13449946
423,2004,Riverside Academy,2008,2010,12,12,0,1,0,48126,42.32207206,-83.17628924
424,2005,Riverside Academy,2009,2011,23,21,3,0.913043478,0.130434783,48126,42.32207206,-83.17628924
425,2006,Riverside Academy,2010,2012,38,34,5,0.894736842,0.131578947,48126,42.32207206,-83.17628924
426,2007,Riverside Academy,2011,2013,56,48,6,0.857142857,0.107142857,48126,42.32207206,-83.17628924
427,2008,Riverside Academy,2012,2014,51,51,1,1,0.019607843,48126,42.32207206,-83.17628924
428,2009,Riverside Academy,2013,2015,52,49,3,0.942307692,0.057692308,48126,42.32207206,-83.17628924
429,2010,Riverside Academy,2014,2015,68,64,5,0.941176471,0.073529412,48126,42.32207206,-83.17628924
430,2011,Riverside Academy,2015,2015,73,70,2,0.95890411,0.02739726,48126,42.32207206,-83.17628924
431,2003,Riverview Community School District,2007,2009,232,220,12,0.948275862,0.051724138,48193,42.17733302,-83.19563661
432,2004,Riverview Community School District,2008,2010,231,219,12,0.948051948,0.051948052,48193,42.17733302,-83.19563661
433,2005,Riverview Community School District,2009,2011,227,209,11,0.920704846,0.04845815,48193,42.17733302,-83.19563661
434,2006,Riverview Community School District,2010,2012,233,209,13,0.896995708,0.055793991,48193,42.17733302,-83.19563661
435,2007,Riverview Community School District,2011,2013,216,201,10,0.930555556,0.046296296,48193,42.17733302,-83.19563661
436,2008,Riverview Community School District,2012,2014,206,191,10,0.927184466,0.048543689,48193,42.17733302,-83.19563661
437,2009,Riverview Community School District,2013,2015,234,224,6,0.957264957,0.025641026,48193,42.17733302,-83.19563661
438,2010,Riverview Community School District,2014,2015,231,224,7,0.96969697,0.03030303,48193,42.17733302,-83.19563661
439,2011,Riverview Community School District,2015,2015,224,212,10,0.946428571,0.044642857,48193,42.17733302,-83.19563661
440,2003,Romulus Community Schools,2007,2009,422,323,71,0.765402844,0.168246445,48174,42.22223124,-83.38534981
441,2004,Romulus Community Schools,2008,2010,471,346,97,0.734607219,0.205944798,48174,42.22223124,-83.38534981
442,2005,Romulus Community Schools,2009,2011,482,366,88,0.7593361,0.182572614,48174,42.22223124,-83.38534981
443,2006,Romulus Community Schools,2010,2012,393,293,75,0.745547074,0.190839695,48174,42.22223124,-83.38534981
444,2007,Romulus Community Schools,2011,2013,438,305,104,0.696347032,0.237442922,48174,42.22223124,-83.38534981
445,2008,Romulus Community Schools,2012,2014,341,259,61,0.759530792,0.17888563,48174,42.22223124,-83.38534981
446,2009,Romulus Community Schools,2013,2015,279,198,66,0.709677419,0.23655914,48174,42.22223124,-83.38534981
447,2010,Romulus Community Schools,2014,2015,284,213,61,0.75,0.214788732,48174,42.22223124,-83.38534981
448,2011,Romulus Community Schools,2015,2015,241,171,33,0.709543568,0.136929461,48174,42.22223124,-83.38534981
449,2004,Ross-Hill Academy,2008,2010,18,15,4,0.833333333,0.222222222,48207,42.33168322,-83.04799903
450,2005,Ross-Hill Academy,2009,2011,22,15,8,0.681818182,0.363636364,48207,42.33168322,-83.04799903
451,2006,Ross-Hill Academy,2010,2012,24,23,2,0.958333333,0.083333333,48207,42.33168322,-83.04799903
452,2007,Ross-Hill Academy,2011,2013,20,15,5,0.75,0.25,48207,42.33168322,-83.04799903
453,2008,Ross-Hill Academy,2012,2014,23,16,7,0.695652174,0.304347826,48207,42.33168322,-83.04799903
454,2003,School District of the City of Inkster,2007,2009,233,129,95,0.553648069,0.407725322,48141,42.29619071,-83.31016661
455,2004,School District of the City of Inkster,2008,2010,304,148,129,0.486842105,0.424342105,48141,42.29619071,-83.31016661
456,2005,School District of the City of Inkster,2009,2011,362,201,144,0.555248619,0.397790055,48141,42.29619071,-83.31016661
457,2006,School District of the City of Inkster,2010,2012,427,246,146,0.576112412,0.341920375,48141,42.29619071,-83.31016661
458,2007,School District of the City of Inkster,2011,2013,433,292,115,0.674364896,0.265588915,48141,42.29619071,-83.31016661
459,2008,School District of the City of Inkster,2012,2014,384,278,88,0.723958333,0.229166667,48141,42.29619071,-83.31016661
460,2009,School District of the City of Inkster,2013,2015,291,209,62,0.718213058,0.213058419,48141,42.29619071,-83.31016661
461,2010,School District of the City of Inkster,2014,2015,42,5,35,0.119047619,0.833333333,48141,42.29619071,-83.31016661
462,2011,School District of the City of Inkster,2015,2015,12,0,12,0,1,48141,42.29619071,-83.31016661
463,2003,South Redford School District,2007,2009,227,207,20,0.911894273,0.088105727,48239,42.37668417,-83.29512907
464,2004,South Redford School District,2008,2010,262,222,28,0.847328244,0.106870229,48239,42.37668417,-83.29512907
465,2005,South Redford School District,2009,2011,271,234,28,0.863468635,0.103321033,48239,42.37668417,-83.29512907
466,2006,South Redford School District,2010,2012,268,229,29,0.854477612,0.108208955,48239,42.37668417,-83.29512907
467,2007,South Redford School District,2011,2013,251,219,27,0.87250996,0.107569721,48239,42.37668417,-83.29512907
468,2008,South Redford School District,2012,2014,279,245,26,0.878136201,0.093189964,48239,42.37668417,-83.29512907
469,2009,South Redford School District,2013,2015,253,231,15,0.913043478,0.059288538,48239,42.37668417,-83.29512907
470,2010,South Redford School District,2014,2015,238,221,13,0.928571429,0.054621849,48239,42.37668417,-83.29512907
471,2011,South Redford School District,2015,2015,251,213,18,0.848605578,0.071713147,48239,42.37668417,-83.29512907
472,2003,Southgate Community School District,2007,2009,859,454,311,0.528521537,0.362048894,48195,42.20377264,-83.20638664
473,2004,Southgate Community School District,2008,2010,955,486,332,0.508900524,0.347643979,48195,42.20377264,-83.20638664
474,2005,Southgate Community School District,2009,2011,953,495,297,0.519412382,0.311647429,48195,42.20377264,-83.20638664
475,2006,Southgate Community School District,2010,2012,941,461,361,0.489904357,0.383634431,48195,42.20377264,-83.20638664
476,2007,Southgate Community School District,2011,2013,895,444,366,0.496089385,0.408938547,48195,42.20377264,-83.20638664
477,2008,Southgate Community School District,2012,2014,869,416,379,0.478711162,0.436133487,48195,42.20377264,-83.20638664
478,2009,Southgate Community School District,2013,2015,765,340,357,0.444444444,0.466666667,48195,42.20377264,-83.20638664
479,2010,Southgate Community School District,2014,2015,684,365,257,0.533625731,0.375730994,48195,42.20377264,-83.20638664
480,2011,Southgate Community School District,2015,2015,583,301,169,0.516295026,0.289879931,48195,42.20377264,-83.20638664
481,2003,Star International Academy,2007,2009,53,46,8,0.867924528,0.150943396,48127,42.33056222,-83.27747884
482,2004,Star International Academy,2008,2010,75,70,4,0.933333333,0.053333333,48127,42.33056222,-83.27747884
483,2005,Star International Academy,2009,2011,51,49,3,0.960784314,0.058823529,48127,42.33056222,-83.27747884
484,2006,Star International Academy,2010,2012,64,50,16,0.78125,0.25,48127,42.33056222,-83.27747884
485,2007,Star International Academy,2011,2013,82,73,10,0.890243902,0.12195122,48127,42.33056222,-83.27747884
486,2008,Star International Academy,2012,2014,73,67,8,0.917808219,0.109589041,48127,42.33056222,-83.27747884
487,2009,Star International Academy,2013,2015,78,72,5,0.923076923,0.064102564,48127,42.33056222,-83.27747884
488,2010,Star International Academy,2014,2015,70,69,2,0.985714286,0.028571429,48127,42.33056222,-83.27747884
489,2011,Star International Academy,2015,2015,88,87,0,0.988636364,0,48127,42.33056222,-83.27747884
490,2003,Summit Academy North,2007,2009,94,79,16,0.840425532,0.170212766,48174,42.22223124,-83.38534981
491,2004,Summit Academy North,2008,2010,99,89,11,0.898989899,0.111111111,48174,42.22223124,-83.38534981
492,2005,Summit Academy North,2009,2011,109,84,18,0.770642202,0.165137615,48174,42.22223124,-83.38534981
493,2006,Summit Academy North,2010,2012,109,102,9,0.935779817,0.082568807,48174,42.22223124,-83.38534981
494,2007,Summit Academy North,2011,2013,103,98,5,0.951456311,0.048543689,48174,42.22223124,-83.38534981
495,2008,Summit Academy North,2012,2014,139,136,4,0.978417266,0.028776978,48174,42.22223124,-83.38534981
496,2009,Summit Academy North,2013,2015,141,136,6,0.964539007,0.042553191,48174,42.22223124,-83.38534981
497,2010,Summit Academy North,2014,2015,170,164,4,0.964705882,0.023529412,48174,42.22223124,-83.38534981
498,2011,Summit Academy North,2015,2015,133,130,4,0.977443609,0.030075188,48174,42.22223124,-83.38534981
499,2003,Taylor School District,2007,2009,802,645,152,0.804239401,0.189526185,48180,42.22659021,-83.2628388
500,2004,Taylor School District,2008,2010,851,694,142,0.815511163,0.166862515,48180,42.22659021,-83.2628388
501,2005,Taylor School District,2009,2011,822,618,163,0.751824818,0.198296837,48180,42.22659021,-83.2628388
502,2006,Taylor School District,2010,2012,764,618,112,0.808900524,0.146596859,48180,42.22659021,-83.2628388
503,2007,Taylor School District,2011,2013,683,513,119,0.751098097,0.174231332,48180,42.22659021,-83.2628388
504,2008,Taylor School District,2012,2014,675,500,141,0.740740741,0.208888889,48180,42.22659021,-83.2628388
505,2009,Taylor School District,2013,2015,614,504,79,0.820846906,0.128664495,48180,42.22659021,-83.2628388
506,2010,Taylor School District,2014,2015,626,469,105,0.749201278,0.167731629,48180,42.22659021,-83.2628388
507,2011,Taylor School District,2015,2015,687,508,72,0.73944687,0.104803493,48180,42.22659021,-83.2628388
508,2003,Trenton Public Schools,2007,2009,247,239,9,0.967611336,0.036437247,48183,42.14047387,-83.17943788
509,2004,Trenton Public Schools,2008,2010,233,222,11,0.9527897,0.0472103,48183,42.14047387,-83.17943788
510,2005,Trenton Public Schools,2009,2011,220,203,14,0.922727273,0.063636364,48183,42.14047387,-83.17943788
511,2006,Trenton Public Schools,2010,2012,260,243,13,0.934615385,0.05,48183,42.14047387,-83.17943788
512,2007,Trenton Public Schools,2011,2013,248,233,6,0.939516129,0.024193548,48183,42.14047387,-83.17943788
513,2008,Trenton Public Schools,2012,2014,238,223,9,0.93697479,0.037815126,48183,42.14047387,-83.17943788
514,2009,Trenton Public Schools,2013,2015,220,210,8,0.954545455,0.036363636,48183,42.14047387,-83.17943788
515,2010,Trenton Public Schools,2014,2015,228,219,3,0.960526316,0.013157895,48183,42.14047387,-83.17943788
516,2011,Trenton Public Schools,2015,2015,219,212,4,0.96803653,0.01826484,48183,42.14047387,-83.17943788
517,2005,Trillium Academy,2009,2011,24,21,3,0.875,0.125,48180,42.22659021,-83.2628388
518,2006,Trillium Academy,2010,2012,35,30,2,0.857142857,0.057142857,48180,42.22659021,-83.2628388
519,2007,Trillium Academy,2011,2013,46,44,1,0.956521739,0.02173913,48180,42.22659021,-83.2628388
520,2008,Trillium Academy,2012,2014,52,49,3,0.942307692,0.057692308,48180,42.22659021,-83.2628388
521,2009,Trillium Academy,2013,2015,38,35,2,0.921052632,0.052631579,48180,42.22659021,-83.2628388
522,2010,Trillium Academy,2014,2015,45,41,2,0.911111111,0.044444444,48180,42.22659021,-83.2628388
523,2011,Trillium Academy,2015,2015,43,42,0,0.976744186,0,48180,42.22659021,-83.2628388
524,2003,Universal Academy,2007,2009,25,20,5,0.8,0.2,48210,42.33168322,-83.04799903
525,2004,Universal Academy,2008,2010,25,21,4,0.84,0.16,48210,42.33168322,-83.04799903
526,2005,Universal Academy,2009,2011,31,28,4,0.903225806,0.129032258,48210,42.33168322,-83.04799903
527,2006,Universal Academy,2010,2012,25,23,2,0.92,0.08,48210,42.33168322,-83.04799903
528,2007,Universal Academy,2011,2013,34,34,1,1,0.029411765,48210,42.33168322,-83.04799903
529,2008,Universal Academy,2012,2014,45,44,2,0.977777778,0.044444444,48210,42.33168322,-83.04799903
530,2009,Universal Academy,2013,2015,57,49,7,0.859649123,0.122807018,48210,42.33168322,-83.04799903
531,2010,Universal Academy,2014,2015,58,53,5,0.913793103,0.086206897,48210,42.33168322,-83.04799903
532,2011,Universal Academy,2015,2015,58,58,0,1,0,48210,42.33168322,-83.04799903
533,2004,University Preparatory Academy,2008,2010,122,122,0,1,0,48202,42.362499,-83.073204
534,2003,University Preparatory Academy (PSAD),2007,2009,138,128,9,0.927536232,0.065217391,48202,42.33168322,-83.04799903
535,2004,University Preparatory Academy (PSAD),2008,2009,122,122,0,1,0,48202,42.33168322,-83.04799903
536,2005,University Preparatory Academy (PSAD),2009,2011,135,125,5,0.925925926,0.037037037,48202,42.33168322,-83.04799903
537,2006,University Preparatory Academy (PSAD),2010,2012,120,114,3,0.95,0.025,48202,42.33168322,-83.04799903
538,2007,University Preparatory Academy (PSAD),2011,2013,121,118,1,0.975206612,0.008264463,48202,42.33168322,-83.04799903
539,2008,University Preparatory Academy (PSAD),2012,2014,129,121,8,0.937984496,0.062015504,48202,42.33168322,-83.04799903
540,2009,University Preparatory Academy (PSAD),2013,2015,121,116,4,0.958677686,0.033057851,48202,42.33168322,-83.04799903
541,2010,University Preparatory Academy (PSAD),2014,2015,132,118,8,0.893939394,0.060606061,48202,42.33168322,-83.04799903
542,2011,University Preparatory Academy (PSAD),2015,2015,120,111,7,0.925,0.058333333,48202,42.33168322,-83.04799903
543,2010,University Preparatory Science and Math (PSAD),2014,2015,86,80,5,0.930232558,0.058139535,48202,42.33168322,-83.04799903
544,2011,University Preparatory Science and Math (PSAD),2015,2015,123,116,7,0.943089431,0.056910569,48202,42.33168322,-83.04799903
545,2003,Van Buren Public Schools,2007,2009,520,460,57,0.884615385,0.109615385,48111,42.20543404,-83.4863161
546,2004,Van Buren Public Schools,2008,2010,578,506,69,0.875432526,0.119377163,48111,42.20543404,-83.4863161
547,2005,Van Buren Public Schools,2009,2011,524,460,57,0.877862595,0.108778626,48111,42.20543404,-83.4863161
548,2006,Van Buren Public Schools,2010,2012,444,368,63,0.828828829,0.141891892,48111,42.20543404,-83.4863161
549,2007,Van Buren Public Schools,2011,2013,504,412,60,0.817460317,0.119047619,48111,42.20543404,-83.4863161
550,2008,Van Buren Public Schools,2012,2014,426,356,59,0.835680751,0.138497653,48111,42.20543404,-83.4863161
551,2009,Van Buren Public Schools,2013,2015,417,357,57,0.856115108,0.136690647,48111,42.20543404,-83.4863161
552,2010,Van Buren Public Schools,2014,2015,428,364,44,0.85046729,0.102803738,48111,42.20543404,-83.4863161
553,2011,Van Buren Public Schools,2015,2015,452,389,41,0.860619469,0.090707965,48111,42.20543404,-83.4863161
554,2006,Vista Meadows Academy,2010,2012,19,9,5,0.473684211,0.263157895,48127,42.33056222,-83.27747884
555,2007,Vista Meadows Academy,2011,2013,22,10,9,0.454545455,0.409090909,48127,42.33056222,-83.27747884
556,2008,Vista Meadows Academy,2012,2014,28,19,9,0.678571429,0.321428571,48127,42.33056222,-83.27747884
557,2009,Vista Meadows Academy,2013,2015,39,20,16,0.512820513,0.41025641,48127,42.33056222,-83.27747884
558,2010,Vista Meadows Academy,2014,2015,28,16,12,0.571428571,0.428571429,48127,42.33056222,-83.27747884
559,2011,Vista Meadows Academy,2015,2015,26,15,4,0.576923077,0.153846154,48127,42.33056222,-83.27747884
560,2003,Voyageur Academy,2007,2009,71,67,5,0.943661972,0.070422535,48210,42.33168322,-83.04799903
561,2004,Voyageur Academy,2008,2010,89,84,6,0.943820225,0.06741573,48210,42.33168322,-83.04799903
562,2005,Voyageur Academy,2009,2011,75,63,12,0.84,0.16,48210,42.33168322,-83.04799903
563,2006,Voyageur Academy,2010,2012,81,76,5,0.938271605,0.061728395,48210,42.33168322,-83.04799903
564,2007,Voyageur Academy,2011,2013,99,91,8,0.919191919,0.080808081,48210,42.33168322,-83.04799903
565,2008,Voyageur Academy,2012,2014,92,73,18,0.793478261,0.195652174,48210,42.33168322,-83.04799903
566,2009,Voyageur Academy,2013,2015,92,82,6,0.891304348,0.065217391,48210,42.33168322,-83.04799903
567,2010,Voyageur Academy,2014,2015,106,98,9,0.924528302,0.08490566,48210,42.33168322,-83.04799903
568,2011,Voyageur Academy,2015,2015,95,68,15,0.715789474,0.157894737,48210,42.33168322,-83.04799903
569,2007,W-A-Y Academy,2011,2013,16,2,4,0.125,0.25,48209,42.33168322,-83.04799903
570,2008,W-A-Y Academy,2012,2014,31,6,14,0.193548387,0.451612903,48209,42.33168322,-83.04799903
571,2009,W-A-Y Academy,2013,2015,94,19,54,0.20212766,0.574468085,48209,42.33168322,-83.04799903
572,2010,W-A-Y Academy,2014,2015,133,20,76,0.15037594,0.571428571,48209,42.33168322,-83.04799903
573,2011,W-A-Y Academy,2015,2015,153,14,75,0.091503268,0.490196078,48209,42.33168322,-83.04799903
574,2010,WAY Michigan,2014,2015,10,0,2,0,0.2,48226,42.33302,-83.04253
575,2011,WAY Michigan,2015,2015,12,3,4,0.25,0.333333333,48226,42.33302,-83.04253
576,2003,Wayne-Westland Community School District,2007,2009,1079,840,213,0.77849861,0.197405005,48185,42.32423368,-83.40044986
577,2004,Wayne-Westland Community School District,2008,2010,1095,860,195,0.785388128,0.178082192,48185,42.32423368,-83.40044986
578,2005,Wayne-Westland Community School District,2009,2011,1179,906,229,0.768447837,0.1942324,48185,42.32423368,-83.40044986
579,2006,Wayne-Westland Community School District,2010,2012,1130,823,271,0.728318584,0.239823009,48185,42.32423368,-83.40044986
580,2007,Wayne-Westland Community School District,2011,2013,1048,794,209,0.757633588,0.199427481,48185,42.32423368,-83.40044986
581,2008,Wayne-Westland Community School District,2012,2014,1058,801,224,0.757088847,0.211720227,48185,42.32423368,-83.40044986
582,2009,Wayne-Westland Community School District,2013,2015,1006,763,212,0.758449304,0.210735586,48185,42.32423368,-83.40044986
583,2010,Wayne-Westland Community School District,2014,2015,1006,782,177,0.777335984,0.175944334,48185,42.32423368,-83.40044986
584,2011,Wayne-Westland Community School District,2015,2015,1012,774,129,0.764822134,0.127470356,48185,42.32423368,-83.40044986
585,2003,Weston Preparatory Academy,2007,2009,63,46,17,0.73015873,0.26984127,48219,42.33168322,-83.04799903
586,2004,Weston Preparatory Academy,2008,2010,61,42,20,0.68852459,0.327868852,48219,42.33168322,-83.04799903
587,2005,Weston Preparatory Academy,2009,2011,60,46,8,0.766666667,0.133333333,48219,42.33168322,-83.04799903
588,2006,Weston Preparatory Academy,2010,2012,58,47,12,0.810344828,0.206896552,48219,42.33168322,-83.04799903
589,2003,Westwood Community School District,2007,2009,199,136,60,0.683417085,0.301507538,48125,42.33056222,-83.27747884
590,2004,Westwood Community School District,2008,2010,204,142,57,0.696078431,0.279411765,48125,42.33056222,-83.27747884
591,2005,Westwood Community School District,2009,2011,285,148,106,0.519298246,0.371929825,48125,42.33056222,-83.27747884
592,2006,Westwood Community School District,2010,2012,376,159,183,0.42287234,0.486702128,48125,42.33056222,-83.27747884
593,2007,Westwood Community School District,2011,2013,497,186,249,0.374245473,0.501006036,48125,42.33056222,-83.27747884
594,2008,Westwood Community School District,2012,2014,479,212,223,0.442588727,0.465553236,48125,42.33056222,-83.27747884
595,2009,Westwood Community School District,2013,2015,516,238,243,0.46124031,0.470930233,48125,42.33056222,-83.27747884
596,2010,Westwood Community School District,2014,2015,374,173,140,0.462566845,0.374331551,48125,42.33056222,-83.27747884
597,2011,Westwood Community School District,2015,2015,375,158,120,0.421333333,0.32,48125,42.33056222,-83.27747884
598,2003,Woodhaven-Brownstown School District,2007,2009,384,336,48,0.875,0.125,48183,42.1384909,-83.24478661
599,2004,Woodhaven-Brownstown School District,2008,2010,421,378,38,0.897862233,0.090261283,48183,42.1384909,-83.24478661
600,2005,Woodhaven-Brownstown School District,2009,2011,423,366,48,0.865248227,0.113475177,48183,42.1384909,-83.24478661
601,2006,Woodhaven-Brownstown School District,2010,2012,422,353,50,0.836492891,0.118483412,48183,42.1384909,-83.24478661
602,2007,Woodhaven-Brownstown School District,2011,2013,411,344,37,0.836982968,0.090024331,48183,42.1384909,-83.24478661
603,2008,Woodhaven-Brownstown School District,2012,2014,388,323,45,0.832474227,0.115979381,48183,42.1384909,-83.24478661
604,2009,Woodhaven-Brownstown School District,2013,2015,430,372,47,0.865116279,0.109302326,48183,42.1384909,-83.24478661
605,2010,Woodhaven-Brownstown School District,2014,2015,346,287,39,0.829479769,0.112716763,48183,42.1384909,-83.24478661
606,2011,Woodhaven-Brownstown School District,2015,2015,410,331,29,0.807317073,0.070731707,48183,42.1384909,-83.24478661
607,2003,"Wyandotte, School District of the City of",2007,2009,408,340,32,0.833333333,0.078431373,48192,42.20160209,-83.14999701
608,2004,"Wyandotte, School District of the City of",2008,2010,370,300,32,0.810810811,0.086486486,48192,42.20160209,-83.14999701
609,2005,"Wyandotte, School District of the City of",2009,2011,368,299,28,0.8125,0.076086957,48192,42.20160209,-83.14999701
610,2006,"Wyandotte, School District of the City of",2010,2012,370,282,33,0.762162162,0.089189189,48192,42.20160209,-83.14999701
611,2007,"Wyandotte, School District of the City of",2011,2013,353,271,17,0.767705382,0.04815864,48192,42.20160209,-83.14999701
612,2008,"Wyandotte, School District of the City of",2012,2014,307,255,20,0.830618893,0.06514658,48192,42.20160209,-83.14999701
613,2009,"Wyandotte, School District of the City of",2013,2015,349,295,18,0.845272206,0.051575931,48192,42.20160209,-83.14999701
614,2010,"Wyandotte, School District of the City of",2014,2015,371,295,26,0.795148248,0.070080863,48192,42.20160209,-83.14999701
615,2011,"Wyandotte, School District of the City of",2015,2015,348,276,25,0.793103448,0.07183908,48192,42.20160209,-83.14999701